Valor,Desde,Hasta,AÃ±o,Mes
3.112,2025-11-20,2025-11-24,2025,11
3.087,2025-11-19,2025-11-19,2025,11
3.291,2025-11-18,2025-11-18,2025,11
3.205,2025-11-17,2025-11-17,2025,11
3.248,2025-11-14,2025-11-16,2025,11
3.359,2025-11-13,2025-11-13,2025,11
3.452,2025-11-12,2025-11-12,2025,11
3.452,2025-11-12,2025-11-12,2025,11
3.427,2025-11-11,2025-11-11,2025,11
3.667,2025-11-10,2025-11-10,2025,11
4.037,2025-11-07,2025-11-09,2025,11
4.061,2025-11-05,2025-11-06,2025,11
4.389,2025-11-04,2025-11-04,2025,11
4.123,2025-11-03,2025-11-03,2025,11
4.875,2025-10-31,2025-11-02,2025,11
4.795,2025-10-30,2025-10-30,2025,10
4.746,2025-10-29,2025-10-29,2025,10
4.808,2025-10-28,2025-10-28,2025,10
4.869,2025-10-27,2025-10-27,2025,10
5.233,2025-10-24,2025-10-26,2025,10
5.646,2025-10-23,2025-10-23,2025,10
5.547,2025-10-22,2025-10-22,2025,10
5.122,2025-10-21,2025-10-21,2025,10
4.592,2025-10-20,2025-10-20,2025,10
4.887,2025-10-17,2025-10-19,2025,10
4.370,2025-10-16,2025-10-16,2025,10
4.352,2025-10-15,2025-10-15,2025,10
4.024,2025-10-14,2025-10-14,2025,10
4.031,2025-10-13,2025-10-13,2025,10
3.982,2025-10-09,2025-10-13,2025,10
4.043,2025-10-08,2025-10-08,2025,10
4.043,2025-10-07,2025-10-07,2025,10
3.908,2025-10-06,2025-10-06,2025,10
3.871,2025-10-03,2025-10-05,2025,10
3.982,2025-10-02,2025-10-02,2025,10
4.290,2025-10-01,2025-10-01,2025,10
4.579,2025-09-30,2025-09-30,2025,9
4.475,2025-09-29,2025-09-29,2025,9
4.463,2025-09-26,2025-09-28,2025,9
4.370,2025-09-25,2025-09-25,2025,9
4.265,2025-09-24,2025-09-24,2025,9
4.278,2025-09-23,2025-09-23,2025,9
4.401,2025-09-22,2025-09-22,2025,9
4.549,2025-09-19,2025-09-21,2025,9
5.023,2025-09-18,2025-09-18,2025,9
5.289,2025-09-17,2025-09-17,2025,9
5.819,2025-09-16,2025-09-16,2025,9
5.572,2025-09-15,2025-09-15,2025,9
5.449,2025-09-12,2025-09-14,2025,9
5.64,2025-09-11,2025-09-11,2025,9
5.578,2025-09-10,2025-09-10,2025,9
5.492,2025-09-09,2025-09-09,2025,9
5.738,2025-09-08,2025-09-08,2025,9
5.72,2025-09-05,2025-09-07,2025,9
5.824,2025-09-04,2025-09-04,2025,9
5.461,2025-09-03,2025-09-03,2025,9
5.757,2025-09-02,2025-09-02,2025,9
5.146,2025-09-01,2025-09-01,2025,9
5.239,2025-08-29,2025-08-31,2025,8
5.307,2025-08-28,2025-08-28,2025,8
5.27,2025-08-27,2025-08-27,2025,8
5.338,2025-08-26,2025-08-26,2025,8
4.9,2025-08-25,2025-08-25,2025,8
4.604,2025-08-22,2025-08-24,2025,8
4.376,2025-08-21,2025-08-21,2025,8
4.53,2025-08-20,2025-08-20,2025,8
4.13,2025-08-19,2025-08-19,2025,8
4.019,2025-08-18,2025-08-18,2025,8
3.889,2025-08-14,2025-08-17,2025,8
3.766,2025-08-13,2025-08-13,2025,8
3.883,2025-08-12,2025-08-12,2025,8
3.827,2025-08-11,2025-08-11,2025,8
3.747,2025-08-08,2025-08-10,2025,8
3.63,2025-08-07,2025-08-07,2025,8
3.482,2025-08-06,2025-08-06,2025,8
3.494,2025-08-05,2025-08-05,2025,8
3.272,2025-08-04,2025-08-04,2025,8
3.334,2025-08-01,2025-08-03,2025,8
3.42,2025-07-31,2025-07-31,2025,7
3.415,2025-07-30,2025-07-30,2025,7
3.396,2025-07-29,2025-07-29,2025,7
3.174,2025-07-28,2025-07-28,2025,7
3.1,2025-07-25,2025-07-27,2025,7
2.976,2025-07-24,2025-07-24,2025,7
2.958,2025-07-23,2025-07-23,2025,7
2.835,2025-07-22,2025-07-22,2025,7
2.847,2025-07-21,2025-07-21,2025,7
3.001,2025-07-18,2025-07-20,2025,7
3.087,2025-07-17,2025-07-17,2025,7
3.198,2025-07-16,2025-07-16,2025,7
3.131,2025-07-15,2025-07-15,2025,7
3.124,2025-07-14,2025-07-14,2025,7
3.198,2025-07-11,2025-07-13,2025,7
3.198,2025-07-10,2025-07-10,2025,7
3.223,2025-07-08,2025-07-09,2025,7
3.156,2025-07-07,2025-07-07,2025,7
3.205,2025-07-04,2025-07-06,2025,7
3.186,2025-07-03,2025-07-03,2025,7
3.193,2025-07-02,2025-07-02,2025,7
3.248,2025-07-01,2025-07-01,2025,7
3.156,2025-06-30,2025-06-30,2025,6
3.26,2025-06-27,2025-06-29,2025,6
3.149,2025-06-26,2025-06-26,2025,6
3.18,2025-06-25,2025-06-25,2025,6
3.143,2025-06-24,2025-06-24,2025,6
3.174,2025-06-23,2025-06-23,2025,6
3.149,2025-06-19,2025-06-22,2025,6
3.168,2025-06-18,2025-06-18,2025,6
3.087,2025-06-17,2025-06-17,2025,6
3.149,2025-06-13,2025-06-16,2025,6
3.124,2025-06-12,2025-06-12,2025,6
3.1,2025-06-11,2025-06-11,2025,6
3.205,2025-06-10,2025-06-10,2025,6
3.223,2025-06-09,2025-06-09,2025,6
3.137,2025-06-06,2025-06-08,2025,6
3.186,2025-06-05,2025-06-05,2025,6
3.149,2025-06-04,2025-06-04,2025,6
3.254,2025-06-03,2025-06-03,2025,6
3.143,2025-06-02,2025-06-02,2025,6
3.304,2025-05-30,2025-06-01,2025,5
3.211,2025-05-29,2025-05-29,2025,5
3.18,2025-05-28,2025-05-28,2025,5
3.328,2025-05-27,2025-05-27,2025,5
3.309,2025-05-26,2025-05-26,2025,5
3.137,2025-05-23,2025-05-25,2025,5
3.291,2025-05-22,2025-05-22,2025,5
3.235,2025-05-21,2025-05-21,2025,5
3.309,2025-05-20,2025-05-20,2025,5
3.18,2025-05-19,2025-05-19,2025,5
3.198,2025-05-16,2025-05-18,2025,5
3.285,2025-05-15,2025-05-15,2025,5
3.267,2025-05-14,2025-05-14,2025,5
3.316,2025-05-13,2025-05-13,2025,5
3.174,2025-05-12,2025-05-12,2025,5
3.254,2025-05-09,2025-05-11,2025,5
3.279,2025-05-08,2025-05-08,2025,5
3.26,2025-05-07,2025-05-07,2025,5
3.316,2025-05-06,2025-05-06,2025,5
3.309,2025-05-05,2025-05-05,2025,5
3.415,2025-04-30,2025-05-04,2025,4
3.402,2025-04-29,2025-04-29,2025,4
3.452,2025-04-28,2025-04-28,2025,4
3.673,2025-04-25,2025-04-27,2025,4
3.513,2025-04-24,2025-04-24,2025,4
3.575,2025-04-23,2025-04-23,2025,4
3.168,2025-04-22,2025-04-22,2025,4
3.161,2025-04-21,2025-04-21,2025,4
3.02,2025-04-16,2025-04-20,2025,4
3.137,2025-04-15,2025-04-15,2025,4
3.094,2025-04-14,2025-04-14,2025,4
2.964,2025-04-11,2025-04-13,2025,4
3.063,2025-04-10,2025-04-10,2025,4
3.063,2025-04-09,2025-04-09,2025,4
2.976,2025-04-08,2025-04-08,2025,4
2.946,2025-04-07,2025-04-07,2025,4
3.008,2025-04-04,2025-04-06,2025,4
3.001,2025-04-03,2025-04-03,2025,4
2.921,2025-04-01,2025-04-02,2025,4
2.976,2025-03-31,2025-03-29,2025,3
3.013,2025-03-28,2025-03-31,2025,3
2.989,2025-03-27,2025-03-27,2025,3
2.983,2025-03-26,2025-03-26,2025,3
2.884,2025-03-25,2025-03-25,2025,3
2.884,2025-03-24,2025-03-24,2025,3
2.884,2025-03-23,2025-03-23,2025,3
2.884,2025-03-22,2025-03-22,2025,3
2.884,2025-03-21,2025-03-21,2025,3
2.847,2025-03-20,2025-03-20,2025,3
2.853,2025-03-19,2025-03-19,2025,3
2.86,2025-03-18,2025-03-18,2025,3
2.804,2025-03-17,2025-03-17,2025,3
2.841,2025-03-14,2025-03-16,2025,3
2.847,2025-03-13,2025-03-13,2025,3
2.736,2025-03-12,2025-03-12,2025,3
2.779,2025-03-11,2025-03-11,2025,3
2.761,2025-03-10,2025-03-10,2025,3
2.718,2025-03-07,2025-03-09,2025,3
2.816,2025-03-06,2025-03-06,2025,3
,2025-03-05,2025-03-05,2025,3
2.773,2025-02-28,2025-03-04,2025,2
2.712,2025-02-27,2025-02-27,2025,2
2.749,2025-02-26,2025-02-26,2025,2
2.761,2025-02-25,2025-02-25,2025,2
2.804,2025-02-24,2025-02-24,2025,2
2.866,2025-02-21,2025-02-23,2025,2
2.773,2025-02-20,2025-02-20,2025,2
2.823,2025-02-19,2025-02-19,2025,2
2.878,2025-02-18,2025-02-18,2025,2
2.81,2025-02-17,2025-02-17,2025,2
2.835,2025-02-16,2025-02-16,2025,2
2.835,2025-02-15,2025-02-15,2025,2
2.835,2025-02-14,2025-02-14,2025,2
2.903,2025-02-13,2025-02-13,2025,2
2.927,2025-02-12,2025-02-12,2025,2
2.909,2025-02-11,2025-02-11,2025,2
2.89,2025-02-10,2025-02-10,2025,2
2.89,2025-02-09,2025-02-09,2025,2
2.89,2025-02-08,2025-02-08,2025,2
2.89,2025-02-07,2025-02-07,2025,2
3.1,2025-02-06,2025-02-06,2025,2
3.112,2025-02-05,2025-02-05,2025,2
3.18,2025-02-04,2025-02-04,2025,2
3.001,2025-02-03,2025-02-03,2025,2
3.217,2025-02-02,2025-02-02,2025,2
3.217,2025-02-01,2025-02-01,2025,2
3.217,2025-01-31,2025-01-31,2025,1
3.087,2025-01-30,2025-01-30,2025,1
3.087,2025-01-29,2025-01-29,2025,1
3.11,2025-01-28,2025-01-28,2025,1
3.04,2025-01-27,2025-01-27,2025,1
3.082,2025-01-24,2025-01-22,2025,1
3.026,2025-01-23,2025-01-26,2025,1
3.124,2025-01-22,2025-01-22,2025,1
3.11,2025-01-21,2025-01-21,2025,1
3.119,2025-01-20,2025-01-20,2025,1
3.075,2025-01-17,2025-01-19,2025,1
3.087,2025-01-16,2025-01-16,2025,1
3.057,2025-01-15,2025-01-15,2025,1
3.193,2025-01-14,2025-01-14,2025,1
3.23,2025-01-13,2025-01-13,2025,1
3.161,2025-01-10,2025-01-12,2025,1
3.119,2025-01-09,2025-01-09,2025,1
3.149,2025-01-08,2025-01-08,2025,1
3.242,2025-01-07,2025-01-07,2025,1
3.149,2025-01-06,2025-01-06,2025,1
3.156,2025-01-04,2025-01-05,2025,1
3.156,2025-01-03,2025-01-03,2025,1
3.242,2025-01-02,2025-01-02,2025,1
3.124,2025-01-01,2025-01-01,2025,1
3.124,2024-12-31,2024-12-31,2024,12
3.124,2024-12-30,2024-12-30,2024,12
3.193,2024-12-29,2024-12-29,2024,12
3.193,2024-12-28,2024-12-28,2024,12
3.193,2024-12-27,2024-12-27,2024,12
3.205,2024-12-27,2024-12-27,2024,12
3.149,2024-12-25,2024-12-25,2024,12
3.149,2024-12-24,2024-12-24,2024,12
3.149,2024-12-23,2024-12-23,2024,12
3.161,2024-12-22,2024-12-22,2024,12
3.161,2024-12-21,2024-12-21,2024,12
3.161,2024-12-20,2024-12-20,2024,12
3.161,2024-12-19,2024-12-19,2024,12
3.087,2024-12-18,2024-12-18,2024,12
3.223,2024-12-17,2024-12-17,2024,12
3.143,2024-12-16,2024-12-16,2024,12
3.211,2024-12-15,2024-12-15,2024,12
3.211,2024-12-14,2024-12-14,2024,12
3.211,2024-12-13,2024-12-13,2024,12
3.489,2024-12-12,2024-12-12,2024,12
3.42,2024-12-11,2024-12-11,2024,12
3.642,2024-12-10,2024-12-10,2024,12
3.6,2024-12-09,2024-12-09,2024,12
3.6,2024-12-08,2024-12-08,2024,12
3.6,2024-12-06,2024-12-06,2024,12
3.649,2024-12-05,2024-12-05,2024,12
3.587,2024-12-04,2024-12-04,2024,12
3.679,2024-12-03,2024-12-03,2024,12
3.501,2024-12-02,2024-12-02,2024,12
3.531,2024-12-01,2024-12-01,2024,12
3.531,2024-11-30,2024-11-30,2024,11
3.531,2024-11-29,2024-11-29,2024,11
3.636,2024-11-28,2024-11-28,2024,11
3.568,2024-11-27,2024-11-27,2024,11
3.42,2024-11-26,2024-11-26,2024,11
3.531,2024-11-25,2024-11-25,2024,11
3.519,2024-11-24,2024-11-24,2024,11
3.519,2024-11-23,2024-11-23,2024,11
3.519,2024-11-22,2024-11-22,2024,11
3.563,2024-11-21,2024-11-21,2024,11
3.587,2024-11-20,2024-11-20,2024,11
3.501,2024-11-19,2024-11-19,2024,11
3.55,2024-11-18,2024-11-18,2024,11
3.55,2024-11-17,2024-11-17,2024,11
3.55,2024-11-16,2024-11-16,2024,11
3.55,2024-11-15,2024-11-15,2024,11
3.581,2024-11-14,2024-11-14,2024,11
3.581,2024-11-13,2024-11-13,2024,11
3.698,2024-11-12,2024-11-12,2024,11
3.698,2024-11-11,2024-11-11,2024,11
4,2024-11-10,2024-11-10,2024,11
4,2024-11-09,2024-11-09,2024,11
4,2024-11-08,2024-11-08,2024,11
4.086,2024-11-07,2024-11-07,2024,11
4.086,2024-11-06,2024-11-06,2024,11
4.191,2024-11-05,2024-11-05,2024,11
3.975,2024-11-04,2024-11-04,2024,11
4.049,2024-11-03,2024-11-03,2024,11
4.049,2024-11-02,2024-11-02,2024,11
4.049,2024-11-01,2024-11-01,2024,11
4.179,2024-10-31,2024-10-31,2024,10
4.031,2024-10-30,2024-10-30,2024,10
4.172,2024-10-29,2024-10-29,2024,10
4.074,2024-10-28,2024-10-28,2024,10
3.969,2024-10-27,2024-10-27,2024,10
3.969,2024-10-26,2024-10-26,2024,10
3.969,2024-10-25,2024-10-25,2024,10
3.987,2024-10-24,2024-10-24,2024,10
3.987,2024-10-23,2024-10-23,2024,10
3.883,2024-10-22,2024-10-22,2024,10
3.913,2024-10-21,2024-10-21,2024,10
3.9,2024-10-20,2024-10-20,2024,10
3.9,2024-10-19,2024-10-01,2024,10
3.9,2024-10-18,2024-10-18,2024,10
3.803,2024-10-17,2024-10-17,2024,10
3.79,2024-10-16,2024-10-16,2024,10
3.852,2024-10-15,2024-10-15,2024,10
3.926,2024-10-14,2024-10-14,2024,10
3.987,2024-10-13,2024-10-13,2024,10
3.987,2024-10-12,2024-10-12,2024,10
3.987,2024-10-11,2024-10-11,2024,10
3.987,2024-10-10,2024-10-10,2024,10
3.95,2024-10-09,2024-10-09,2024,10
3.92,2024-10-08,2024-10-08,2024,10
3.92,2024-10-07,2024-10-07,2024,10
4.037,2024-10-06,2024-10-06,2024,10
4.037,2024-10-05,2024-10-05,2024,10
4.037,2024-10-04,2024-10-04,2024,10
4.006,2024-10-03,2024-10-03,2024,10
4.142,2024-10-02,2024-10-02,2024,10
4.142,2024-10-01,2024-10-01,2024,10
3.95,2024-09-30,2024-09-30,2024,9
4.111,2024-09-29,2024-09-29,2024,9
4.111,2024-09-28,2024-09-28,2024,9
4.111,2024-09-27,2024-09-27,2024,9
3.957,2024-09-26,2024-09-26,2024,9
3.889,2024-09-25,2024-09-25,2024,9
3.871,2024-09-24,2024-09-24,2024,9
3.858,2024-09-23,2024-09-23,2024,9
3.809,2024-09-22,2024-09-22,2024,9
3.809,2024-09-21,2024-09-21,2024,9
3.809,2024-09-20,2024-09-20,2024,9
3.871,2024-09-19,2024-09-19,2024,9
3.876,2024-09-18,2024-09-18,2024,9
3.89,2024-09-17,2024-09-17,2024,9
3.735,2024-09-16,2024-09-16,2024,9
3.747,2024-09-15,2024-09-15,2024,9
3.747,2024-09-14,2024-09-14,2024,9
3.747,2024-09-13,2024-09-13,2024,9
3.76,2024-09-12,2024-09-12,2024,9
3.723,2024-09-11,2024-09-11,2024,9
3.889,2024-09-10,2024-09-08,2024,9
3.686,2024-09-09,2024-09-09,2024,9
3.957,2024-09-08,2024-09-08,2024,9
3.957,2024-09-07,2024-09-07,2024,9
3.957,2024-09-06,2024-09-06,2024,9
3.889,2024-09-05,2024-09-05,2024,9
3.827,2024-09-04,2024-09-04,2024,9
4.061,2024-09-03,2024-09-03,2024,9
3.784,2024-09-02,2024-09-02,2024,9
3.858,2024-09-01,2024-09-01,2024,9
3.858,2024-08-31,2024-08-31,2024,8
3.858,2024-08-30,2024-08-30,2024,8
4.068,2024-08-29,2024-08-29,2024,8
3.871,2024-08-28,2024-08-28,2024,8
4.019,2024-08-27,2024-08-27,2024,8
3.784,2024-08-26,2024-08-26,2024,8
3.889,2024-08-25,2024-08-25,2024,8
3.889,2024-08-24,2024-08-24,2024,8
3.889,2024-08-23,2024-08-23,2024,8
3.797,2024-08-22,2024-08-22,2024,8
3.797,2024-08-21,2024-08-21,2024,8
3.784,2024-08-20,2024-08-20,2024,8
3.741,2024-08-19,2024-08-19,2024,8
3.667,2024-08-18,2024-08-18,2024,8
3.667,2024-08-17,2024-08-17,2024,8
3.667,2024-08-16,2024-08-16,2024,8
3.661,2024-08-15,2024-08-15,2024,8
3.784,2024-08-14,2024-08-14,2024,8
3.741,2024-08-13,2024-08-13,2024,8
3.624,2024-08-12,2024-08-12,2024,8
3.698,2024-08-11,2024-08-11,2024,8
3.698,2024-08-10,2024-08-10,2024,8
3.698,2024-08-09,2024-08-09,2024,8
3.969,2024-08-08,2024-08-08,2024,8
3.698,2024-08-07,2024-08-07,2024,8
3.864,2024-08-06,2024-08-06,2024,8
3.716,2024-08-05,2024-08-05,2024,8
3.766,2024-08-04,2024-08-04,2024,8
3.766,2024-08-03,2024-08-03,2024,8
3.766,2024-08-02,2024-08-02,2024,8
3.76,2024-08-01,2024-08-01,2024,8
3.76,2024-07-31,,2024,7
3.987,2024-07-30,2024-07-30,2024,7
3.815,2024-07-29,2024-07-29,2024,7
3.735,2024-07-28,2024-07-28,2024,7
3.735,2024-07-27,2024-07-27,2024,7
3.735,2024-07-26,2024-07-26,2024,7
3.735,2024-07-25,2024-07-25,2024,7
3.698,2024-07-24,2024-07-24,2024,7
3.6,2024-07-23,2024-07-23,2024,7
3.556,2024-07-22,2024-07-22,2024,7
3.655,2024-07-21,2024-07-21,2024,7
3.655,2024-07-20,2024-07-20,2024,7
3.655,2024-07-19,2024-07-19,2024,7
3.507,2024-07-18,2024-07-18,2024,7
3.378,2024-07-17,2024-07-17,2024,7
3.531,2024-07-16,2024-07-16,2024,7
3.55,2024-07-15,2024-07-15,2024,7
3.341,2024-07-14,2024-07-14,2024,7
3.341,2024-07-13,2024-07-13,2024,7
3.341,2024-07-12,2024-07-12,2024,7
3.445,2024-07-11,2024-07-11,2024,7
3.6,2024-07-10,2024-07-10,2024,7
3.371,2024-07-09,2024-07-09,2024,7
3.371,2024-07-08,2024-07-08,2024,7
3.556,2024-07-07,2024-07-07,2024,7
3.556,2024-07-06,2024-07-06,2024,7
3.556,2024-07-05,2024-07-05,2024,7
3.309,2024-07-04,2024-07-04,2024,7
3.242,2024-07-03,2024-07-03,2024,7
3.47,2024-07-02,2024-07-02,2024,7
3.291,2024-07-01,2024-07-01,2024,7
3.402,2024-06-30,2024-06-30,2024,6
3.402,2024-06-29,2024-06-29,2024,6
3.402,2024-06-28,2024-06-28,2024,6
3.217,2024-06-27,2024-06-27,2024,6
3.334,2024-06-26,2024-06-26,2024,6
3.316,2024-06-25,2024-06-25,2024,6
3.297,2024-06-24,2024-06-24,2024,6
3.415,2024-06-23,2024-06-23,2024,6
3.415,2024-06-22,2024-06-22,2024,6
3.415,2024-06-21,2024-06-21,2024,6
3.415,2024-06-20,2024-06-20,2024,6
3.415,2024-06-19,2024-06-19,2024,6
3.131,2024-06-18,2024-06-18,2024,6
3.248,2024-06-17,2024-06-17,2024,6
3.24,2024-06-16,2024-06-16,2024,6
3.248,2024-06-15,2024-06-16,2024,6
3.248,2024-06-14,2024-06-14,2024,6
3.242,2024-06-13,2024-06-13,2024,6
3.211,2024-06-12,2024-06-12,2024,6
3.193,2024-06-11,2024-06-11,2024,6
3.161,2024-06-10,2024-06-10,2024,6
3.291,2024-06-09,2024-06-09,2024,6
3.291,2024-06-08,2024-06-08,2024,6
3.291,2024-06-07,2024-06-07,2024,6
3.168,2024-06-06,2024-06-06,2024,6
3.193,2024-06-05,2024-06-05,2024,6
3.125,2024-06-04,2024-06-04,2024,6
3.119,2024-06-03,2024-06-03,2024,6
3.174,2024-06-02,2024-06-02,2024,6
3.174,2024-06-01,2024-06-01,2024,6
3.174,2024-05-31,2024-05-31,2024,5
3.02,2024-05-30,2024-05-30,2024,5
3.112,2024-05-29,2024-05-29,2024,5
3.143,2024-05-28,2024-05-28,2024,5
3.149,2024-05-27,2024-05-27,2024,5
3.075,2024-05-26,2024-05-26,2024,5
3.075,2024-05-25,2024-05-25,2024,5
3.075,2024-05-24,2024-05-24,2024,5
3.161,2024-05-23,2024-05-23,2024,5
3.205,2024-05-22,2024-05-22,2024,5
3.864,2024-05-21,2024-05-21,2024,5
3.92,2024-05-20,2024-05-20,2024,5
3.883,2024-05-19,2024-05-19,2024,5
3.883,2024-05-18,2024-05-18,2024,5
3.883,2024-05-17,2024-05-17,2024,5
3.957,2024-05-16,2024-05-16,2024,5
3.92,2024-05-15,2024-05-15,2024,5
3.987,2024-05-14,2024-05-14,2024,5
3.975,2024-05-13,2024-05-13,2024,5
4.037,2024-05-12,2024-05-12,2024,5
4.037,2024-05-11,2024-05-11,2024,5
4.037,2024-05-10,2024-05-10,2024,5
4.721,2024-05-09,2024-05-09,2024,5
5.011,2024-05-08,2024-05-08,2024,5
5.011,2024-05-07,2024-05-07,2024,5
4.998,2024-05-06,2024-05-06,2024,5
5.572,2024-05-05,2024-05-05,2024,5
5.572,2024-05-04,2024-05-04,2024,5
5.572,2024-05-03,2024-05-03,2024,5
6.041,2024-05-02,2024-05-02,2024,5
6.016,2024-04-30,2024-04-30,2024,4
5.997,2024-04-29,2024-04-29,2024,4
6.009,2024-04-28,2024-04-28,2024,4
6.009,2024-04-27,2024-04-27,2024,4
6.009,2024-04-26,2024-04-26,2024,4
6.096,2024-04-25,2024-04-25,2024,4
6.016,2024-04-24,2024-04-24,2024,4
6.046,2024-04-23,2024-04-23,2024,4
6.046,2024-04-22,2024-04-22,2024,4
6.059,2024-04-21,2024-04-21,2024,4
6.059,2024-04-20,2024-04-20,2024,4
6.059,2024-04-19,2024-04-19,2024,4
6.694,2024-04-18,2024-04-18,2024,4
6.885,2024-04-17,2024-04-17,2024,4
6.99,2024-04-16,2024-04-16,2024,4
7.052,2024-04-15,2024-04-15,2024,4
7.039,2024-04-14,2024-04-14,2024,4
7.039,2024-04-13,2024-04-13,2024,4
7.039,2024-04-12,2024-04-12,2024,4
7.052,2024-04-11,2024-04-11,2024,4
6.978,2024-04-10,2024-04-10,2024,4
6.99,2024-04-09,2024-04-09,2024,4
7.02,2024-04-08,2024-04-08,2024,4
7.039,2024-04-07,2024-04-07,2024,4
7.039,2024-04-06,2024-04-06,2024,4
7.039,2024-04-05,2024-04-05,2024,4
7.033,2024-04-04,2024-04-04,2024,4
7.126,2024-04-03,2024-04-04,2024,4
7.027,2024-04-02,2024-04-02,2024,4
7.027,2024-04-01,2024-04-01,2024,4
7.027,2024-03-31,2024-03-31,2024,3
7.027,2024-03-30,2024-03-31,2024,3
7.027,2024-03-29,2024-03-29,2024,3
7.027,2024-03-28,2024-03-28,2024,3
7.027,2024-03-27,2024-03-27,2024,3
7.008,2024-03-26,2024-03-26,2024,3
7.015,2024-03-25,2024-03-25,2024,3
7.064,2024-03-24,2024-03-24,2024,3
7.064,2024-03-23,2024-03-23,2024,3
7.064,2024-03-22,2024-03-22,2024,3
7.138,2024-03-21,2024-03-21,2024,3
7.15,2024-03-20,2024-03-20,2024,3
7.335,2024-03-19,2024-03-19,2024,3
10.713,2024-03-18,2024-03-18,2024,3
10.744,2024-03-17,2024-03-17,2024,3
10.744,2024-03-16,2024-03-16,2024,3
10.744,2024-03-15,2024-03-15,2024,3
10.657,2024-03-14,2024-03-14,2024,3
10.775,2024-03-13,2024-03-13,2024,3
10.744,2024-03-12,2024-03-12,2024,3
10.744,2024-03-11,2024-03-11,2024,3
10.731,2024-03-10,2024-03-10,2024,3
10.731,2024-03-09,2024-03-09,2024,3
10.731,2024-03-08,2024-03-08,2024,3
10.744,2024-03-07,2024-03-07,2024,3
10.756,2024-03-06,2024-03-06,2024,3
10.849,2024-03-05,2024-03-05,2024,3
10.731,2024-03-04,2024-03-04,2024,3
10.775,2024-03-03,2024-03-03,2024,3
10.775,2024-03-02,2024-03-02,2024,3
10.775,2024-03-01,2024-03-01,2024,3
10.805,2024-02-29,2024-02-29,2024,2
10.664,2024-02-28,2024-02-28,2024,2
10.805,2024-02-27,2024-02-27,2024,2
10.781,2024-02-26,2024-02-26,2024,2
10.763,2024-02-25,2024-02-25,2024,2
10.763,2024-02-24,2024-02-24,2024,2
10.763,2024-02-23,2024-02-23,2024,2
10.812,2024-02-22,2024-02-22,2024,2
10.67,2024-02-21,2024-02-21,2024,2
10.639,2024-02-20,2024-02-20,2024,2
10.793,2024-02-19,2024-02-19,2024,2
10.738,2024-02-18,2024-02-18,2024,2
10.738,2024-02-17,2024-02-17,2024,2
10.738,2024-02-16,2024-02-16,2024,2
10.694,2024-02-15,2024-02-15,2024,2
10.652,2024-02-14,2024-02-14,2024,2
10.738,2024-02-13,2024-02-13,2024,2
10.738,2024-02-12,2024-02-12,2024,2
10.738,2024-02-11,2024-02-11,2024,2
10.738,2024-02-10,2024-02-10,2024,2
10.738,2024-02-09,2024-02-09,2024,2
10.645,2024-02-08,2024-02-08,2024,2
10.818,2024-02-07,2024-02-07,2024,2
10.713,2024-02-06,2024-02-06,2024,2
10.75,2024-02-05,2024-02-05,2024,2
10.657,2024-02-04,2024-02-04,2024,2
10.657,2024-02-03,2024-02-03,2024,2
10.657,2024-02-02,2024-02-02,2024,2
10.731,2024-02-01,2024-02-01,2024,2
10.836,2024-01-31,2024-01-31,2024,1
10.818,2024-01-30,2024-01-30,2024,1
10.719,2024-01-29,2024-01-29,2024,1
10.818,2024-01-28,2024-01-28,2024,1
10.818,2024-01-27,2024-01-27,2024,1
10.818,2024-01-26,2024-01-26,2024,1
10.812,2024-01-25,2024-01-25,2024,1
10.805,2024-01-24,2024-01-24,2024,1
10.824,2024-01-23,2024-01-23,2024,1
10.812,2024-01-22,2024-01-22,2024,1
10.787,2024-01-21,2024-01-21,2024,1
10.787,2024-01-20,2024-01-20,2024,1
10.787,2024-01-19,2024-01-19,2024,1
10.8,2024-01-18,2024-01-18,2024,1
10.682,2024-01-17,2024-01-17,2024,1
10.824,2024-01-16,2024-01-16,2024,1
10.707,2024-01-15,2024-01-15,2024,1
10.763,2024-01-14,2024-01-14,2024,1
10.763,2024-01-13,2024-01-13,2024,1
10.763,2024-01-12,2024-01-12,2024,1
10.775,2024-01-11,2024-01-11,2024,1
10.763,2024-01-10,2024-01-10,2024,1
10.652,2024-01-09,2024-01-09,2024,1
10.824,2024-01-08,2024-01-08,2024,1
10.75,2024-01-07,2024-01-07,2024,1
10.75,2024-01-06,2024-01-06,2024,1
10.75,2024-01-05,2024-01-05,2024,1
10.738,2024-01-04,2024-01-04,2024,1
10.781,2024-01-03,2024-01-03,2024,1
10.805,2024-01-02,2024-01-02,2024,1
10.824,2024-01-01,2024-01-01,2024,1
10.824,2023-12-31,2023-12-31,2023,12
10.824,2023-12-30,2023-12-30,2023,12
10.824,2023-12-29,2023-12-29,2023,12
10.824,2023-12-28,2023-12-28,2023,12
11.145,2023-12-27,2023-12-27,2023,12
12.815,2023-12-26,2023-12-26,2023,12
12.649,2023-12-25,2023-12-25,2023,12
12.649,2023-12-24,2023-12-24,2023,12
12.649,2023-12-23,2023-12-23,2023,12
12.649,2023-12-22,2023-12-22,2023,12
12.612,2023-12-21,2023-12-21,2023,12
12.747,2023-12-20,2023-12-20,2023,12
12.797,2023-12-19,2023-12-19,2023,12
12.809,2023-12-18,2023-12-18,2023,12
12.834,2023-12-17,2023-12-17,2023,12
12.834,2023-12-16,2023-12-16,2023,12
12.834,2023-12-15,2023-12-15,2023,12
12.735,2023-12-14,2023-12-14,2023,12
12.729,2023-12-13,2023-12-13,2023,12
12.784,2023-12-12,2023-12-12,2023,12
12.84,2023-12-11,2023-12-11,2023,12
12.809,2023-12-10,2023-12-10,2023,12
12.809,2023-12-09,2023-12-09,2023,12
12.809,2023-12-08,2023-12-08,2023,12
12.809,2023-12-07,2023-12-07,2023,12
12.753,2023-12-06,2023-12-06,2023,12
12.76,2023-12-05,2023-12-05,2023,12
12.772,2023-12-04,2023-12-04,2023,12
12.747,2023-12-03,2023-12-03,2023,12
12.747,2023-12-02,2023-12-02,2023,12
12.747,2023-12-01,2023-12-01,2023,12
12.679,2023-11-30,2023-11-30,2023,11
12.766,2023-11-29,2023-11-29,2023,11
12.803,2023-11-28,2023-11-28,2023,11
12.747,2023-11-27,2023-11-27,2023,11
12.809,2023-11-26,2023-11-26,2023,11
12.809,2023-11-25,2023-11-25,2023,11
12.809,2023-11-24,2023-11-24,2023,11
12.649,2023-11-23,2023-11-23,2023,11
12.655,2023-11-22,2023-11-22,2023,11
12.852,2023-11-21,2023-11-21,2023,11
12.803,2023-11-20,2023-11-20,2023,11
12.803,2023-11-19,2023-11-19,2023,11
12.803,2023-11-18,2023-11-18,2023,11
12.803,2023-11-17,2023-11-17,2023,11
12.723,2023-11-16,2023-11-16,2023,11
12.797,2023-11-15,2023-11-15,2023,11
12.784,2023-11-14,2023-11-14,2023,11
12.809,2023-11-13,2023-11-13,2023,11
12.667,2023-11-12,2023-11-12,2023,11
12.667,2023-11-11,2023-11-11,2023,11
12.667,2023-11-10,2023-11-10,2023,11
12.76,2023-11-09,2023-11-09,2023,11
12.679,2023-11-08,2023-11-08,2023,11
12.692,2023-11-07,2023-11-07,2023,11
12.71,2023-11-06,2023-11-06,2023,11
12.71,2023-11-05,2023-11-05,2023,11
12.71,2023-11-04,2023-11-04,2023,11
12.71,2023-11-03,2023-11-03,2023,11
12.642,2023-11-02,2023-11-02,2023,11
12.649,2023-11-01,2023-11-01,2023,11
12.575,2023-10-31,2023-10-31,2023,10
12.673,2023-10-30,2023-10-30,2023,10
12.704,2023-10-29,2023-10-29,2023,10
12.704,2023-10-28,2023-10-28,2023,10
12.704,2023-10-27,2023-10-27,2023,10
12.692,2023-10-26,2023-10-26,2023,10
12.76,2023-10-25,2023-10-25,2023,10
12.784,2023-10-24,2023-10-24,2023,10
11.249,2023-10-23,2023-10-23,2023,10
11.317,2023-10-22,2023-10-22,2023,10
11.317,2023-10-21,2023-10-21,2023,10
11.317,2023-10-20,2023-10-20,2023,10
11.2,2023-10-19,2023-10-19,2023,10
11.286,2023-10-18,2023-10-18,2023,10
11.243,2023-10-17,2023-10-17,2023,10
11.243,2023-10-16,2023-10-16,2023,10
11.243,2023-10-15,2023-10-15,2023,10
11.243,2023-10-14,2023-10-14,2023,10
11.243,2023-10-13,2023-10-13,2023,10
11.243,2023-10-12,2023-10-12,2023,10
11.293,2023-10-11,2023-10-11,2023,10
11.126,2023-10-10,2023-10-10,2023,10
11.286,2023-10-09,2023-10-09,2023,10
11.231,2023-10-08,2023-10-08,2023,10
11.231,2023-10-07,2023-10-07,2023,10
11.231,2023-10-06,2023-10-06,2023,10
11.163,2023-10-05,2023-10-05,2023,10
11.224,2023-10-04,2023-10-04,2023,10
11.089,2023-10-03,2023-10-03,2023,10
11.132,2023-10-02,2023-10-02,2023,10
11.2,2023-10-01,2023-10-01,2023,10
11.2,2023-09-30,2023-09-30,2023,9
11.2,2023-09-29,2023-09-29,2023,9
11.2,2023-09-28,2023-09-28,2023,9
11.108,2023-09-27,2023-09-27,2023,9
11.126,2023-09-26,2023-09-26,2023,9
11.212,2023-09-25,2023-09-25,2023,9
11.231,2023-09-24,2023-09-24,2023,9
11.231,2023-09-23,2023-09-23,2023,9
11.231,2023-09-22,2023-09-22,2023,9
11.219,2023-09-21,2023-09-21,2023,9
11.36,2023-09-20,2023-09-20,2023,9
11.36,2023-09-19,2023-09-19,2023,9
11.305,2023-09-18,2023-09-18,2023,9
11.268,2023-09-17,2023-09-17,2023,9
11.268,2023-09-16,2023-09-16,2023,9
11.268,2023-09-15,2023-09-15,2023,9
11.206,2023-09-14,2023-09-14,2023,9
11.231,2023-09-13,2023-09-13,2023,9
11.243,2023-09-12,2023-09-12,2023,9
11.298,2023-09-11,2023-09-11,2023,9
11.261,2023-09-10,2023-09-10,2023,9
11.261,2023-09-09,2023-09-09,2023,9
11.261,2023-09-08,2023-09-08,2023,9
11.187,2023-09-07,2023-09-07,2023,9
11.2,2023-09-06,2023-09-06,2023,9
11.095,2023-09-05,2023-09-05,2023,9
11.249,2023-09-04,2023-09-04,2023,9
11.15,2023-09-03,2023-09-03,2023,9
11.15,2023-09-02,2023-09-02,2023,9
11.15,2023-09-01,2023-09-01,2023,9
11.138,2023-08-31,2023-08-31,2023,8
11.138,2023-08-30,2023-08-30,2023,8
11.138,2023-08-29,2023-08-29,2023,8
11.071,2023-08-28,2023-08-28,2023,8
11.145,2023-08-27,2023-08-27,2023,8
11.145,2023-08-26,2023-08-26,2023,8
11.145,2023-08-25,2023-08-25,2023,8
11.212,2023-08-24,2023-08-24,2023,8
11.182,2023-08-23,2023-08-23,2023,8
9.387,2023-08-22,2023-08-22,2023,8
9.178,2023-08-21,2023-08-21,2023,8
9.178,2023-08-20,2023-08-20,2023,8
9.178,2023-08-19,2023-08-19,2023,8
9.178,2023-08-18,2023-08-18,2023,8
9.141,2023-08-17,2023-08-17,2023,8
9.184,2023-08-16,2023-08-16,2023,8
9.036,2023-08-15,2023-08-15,2023,8
9.184,2023-08-14,2023-08-14,2023,8
9.197,2023-08-13,2023-08-13,2023,8
9.197,2023-08-12,2023-08-12,2023,8
9.197,2023-08-11,2023-08-11,2023,8
9.184,2023-08-10,2023-08-10,2023,8
9.197,2023-08-09,2023-08-09,2023,8
9.092,2023-08-08,2023-08-08,2023,8
9.16,2023-08-07,2023-08-07,2023,8
9.166,2023-08-06,2023-08-06,2023,8
9.166,2023-08-05,2023-08-05,2023,8
9.166,2023-08-04,2023-08-04,2023,8
9.036,2023-08-03,2023-08-03,2023,8
9.061,2023-08-02,2023-08-02,2023,8
9.067,2023-08-01,2023-08-01,2023,8
9.123,2023-07-31,2023-07-31,2023,7
9.135,2023-07-30,2023-07-30,2023,7
9.135,2023-07-29,2023-07-29,2023,7
9.135,2023-07-28,2023-07-28,2023,7
9.005,2023-07-27,2023-07-27,2023,7
9.073,2023-07-26,2023-07-26,2023,7
9.079,2023-07-25,2023-07-25,2023,7
9.19,2023-07-24,2023-07-24,2023,7
9.16,2023-07-23,2023-07-23,2023,7
9.16,2023-07-22,2023-07-22,2023,7
9.16,2023-07-21,2023-07-21,2023,7
9.166,2023-07-20,2023-07-20,2023,7
9.178,2023-07-19,2023-07-19,2023,7
9.135,2023-07-18,2023-07-18,2023,7
9.215,2023-07-17,2023-07-17,2023,7
9.141,2023-07-16,2023-07-16,2023,7
9.141,2023-07-15,2023-07-15,2023,7
9.141,2023-07-14,2023-07-14,2023,7
9.178,2023-07-13,2023-07-13,2023,7
9.209,2023-07-12,2023-07-12,2023,7
9.104,2023-07-11,2023-07-11,2023,7
9.203,2023-07-10,2023-07-10,2023,7
9.098,2023-07-09,2023-07-09,2023,7
9.098,2023-07-08,2023-07-08,2023,7
9.098,2023-07-07,2023-07-07,2023,7
9.129,2023-07-06,2023-07-06,2023,7
9.184,2023-07-05,2023-07-05,2023,7
9.036,2023-07-04,2023-07-04,2023,7
9.098,2023-07-03,2023-07-03,2023,7
9.03,2023-07-02,2023-07-02,2023,7
9.03,2023-07-01,2023-07-01,2023,7
9.03,2023-06-30,2023-06-30,2023,6
9.079,2023-06-29,2023-06-29,2023,6
9.153,2023-06-28,2023-06-28,2023,6
9.123,2023-06-27,2023-06-27,2023,6
9.123,2023-06-26,2023-06-26,2023,6
9.123,2023-06-25,2023-06-25,2023,6
9.123,2023-06-24,2023-06-24,2023,6
9.123,2023-06-23,2023-06-23,2023,6
9.073,2023-06-22,2023-06-22,2023,6
9.19,2023-06-21,2023-06-21,2023,6
9.147,2023-06-20,2023-06-20,2023,6
9.147,2023-06-19,2023-06-19,2023,6
9.147,2023-06-18,2023-06-18,2023,6
9.147,2023-06-17,2023-06-17,2023,6
9.147,2023-06-16,2023-06-16,2023,6
9.067,2023-06-15,2023-06-15,2023,6
9.11,2023-06-14,2023-06-14,2023,6
9.129,2023-06-13,2023-06-13,2023,6
9.172,2023-06-12,2023-06-12,2023,6
9.116,2023-06-11,2023-06-11,2023,6
9.116,2023-06-10,2023-06-10,2023,6
9.116,2023-06-09,2023-06-09,2023,6
9.166,2023-06-08,2023-06-08,2023,6
9.067,2023-06-07,2023-06-07,2023,6
9.104,2023-06-06,2023-06-06,2023,6
9.19,2023-06-05,2023-06-05,2023,6
9.024,2023-06-04,2023-06-04,2023,6
9.024,2023-06-03,2023-06-03,2023,6
9.024,2023-06-02,2023-06-02,2023,6
9.049,2023-06-01,2023-06-01,2023,6
9.079,2023-05-31,2023-05-31,2023,5
9.092,2023-05-30,2023-05-30,2023,5
9.184,2023-05-29,2023-05-29,2023,5
9.178,2023-05-28,2023-05-28,2023,5
9.178,2023-05-27,2023-05-27,2023,5
9.178,2023-05-26,2023-05-26,2023,5
9.178,2023-05-25,2023-05-25,2023,5
9.178,2023-05-24,2023-05-24,2023,5
9.16,2023-05-23,2023-05-23,2023,5
8.778,2023-05-22,2023-05-22,2023,5
8.667,2023-05-21,2023-05-21,2023,5
8.667,2023-05-20,2023-05-20,2023,5
8.667,2023-05-19,2023-05-19,2023,5
8.685,2023-05-18,2023-05-18,2023,5
8.697,2023-05-17,2023-05-17,2023,5
8.487,2023-05-16,2023-05-16,2023,5
8.667,2023-05-15,2023-05-15,2023,5
8.642,2023-05-14,2023-05-14,2023,5
8.642,2023-05-13,2023-05-13,2023,5
8.642,2023-05-12,2023-05-12,2023,5
8.605,2023-05-11,2023-05-11,2023,5
8.63,2023-05-10,2023-05-10,2023,5
8.63,2023-05-09,2023-05-09,2023,5
8.63,2023-05-08,2023-05-08,2023,5
7.52,2023-05-07,2023-05-07,2023,5
7.52,2023-05-06,2023-05-06,2023,5
7.52,2023-05-05,2023-05-05,2023,5
7.532,2023-05-04,2023-05-04,2023,5
7.292,2023-05-03,2023-05-03,2023,5
7.372,2023-05-02,2023-05-02,2023,5
7.279,2023-05-01,2023-05-01,2023,5
7.279,2023-04-30,2023-04-30,2023,4
7.279,2023-04-29,2023-04-29,2023,4
7.279,2023-04-28,2023-04-28,2023,4
7.205,2023-04-27,2023-04-27,2023,4
7.2,2023-04-26,2023-04-26,2023,4
7.156,2023-04-25,2023-04-25,2023,4
7.236,2023-04-24,2023-04-24,2023,4
7.212,2023-04-23,2023-04-23,2023,4
7.212,2023-04-22,2023-04-22,2023,4
7.212,2023-04-21,2023-04-21,2023,4
7.181,2023-04-20,2023-04-20,2023,4
7.193,2023-04-19,2023-04-19,2023,4
7.144,2023-04-18,2023-04-18,2023,4
7.218,2023-04-17,2023-04-17,2023,4
7.156,2023-04-16,2023-04-16,2023,4
7.156,2023-04-15,2023-04-15,2023,4
7.156,2023-04-14,2023-04-14,2023,4
7.089,2023-04-13,2023-04-13,2023,4
7.168,2023-04-12,2023-04-12,2023,4
7.144,2023-04-11,2023-04-11,2023,4
7.094,2023-04-10,2023-04-10,2023,4
7.113,2023-04-09,2023-04-09,2023,4
7.113,2023-04-08,2023-04-08,2023,4
7.113,2023-04-07,2023-04-07,2023,4
7.113,2023-04-06,2023-04-06,2023,4
7.113,2023-04-05,2023-04-05,2023,4
7.131,2023-04-04,2023-04-04,2023,4
7.267,2023-04-03,2023-04-03,2023,4
7.008,2023-04-02,2023-04-02,2023,4
7.008,2023-04-01,2023-04-01,2023,4
7.008,2023-03-31,2023-03-31,2023,3
7.039,2023-03-30,2023-03-30,2023,3
7.057,2023-03-29,2023-03-29,2023,3
7.101,2023-03-28,2023-03-28,2023,3
7.089,2023-03-27,2023-03-27,2023,3
6.922,2023-03-26,2023-03-26,2023,3
6.922,2023-03-25,2023-03-25,2023,3
6.922,2023-03-24,2023-03-24,2023,3
6.922,2023-03-23,2023-03-23,2023,3
6.959,2023-03-22,2023-03-22,2023,3
6.909,2023-03-21,2023-03-21,2023,3
6.928,2023-03-20,2023-03-20,2023,3
6.867,2023-03-19,2023-03-19,2023,3
6.867,2023-03-18,2023-03-18,2023,3
6.867,2023-03-17,2023-03-17,2023,3
6.909,2023-03-16,2023-03-16,2023,3
6.934,2023-03-15,2023-03-15,2023,3
6.867,2023-03-14,2023-03-14,2023,3
6.928,2023-03-13,2023-03-13,2023,3
6.922,2023-03-12,2023-03-12,2023,3
6.9222,2023-03-11,2023-03-11,2023,3
6.922,2023-03-10,2023-03-10,2023,3
6.879,2023-03-09,2023-03-09,2023,3
6.934,2023-03-08,2023-03-08,2023,3
6.842,2023-03-07,2023-03-07,2023,3
6.879,2023-03-06,2023-03-06,2023,3
6.909,2023-03-05,2023-03-05,2023,3
6.909,2023-03-04,2023-03-04,2023,3
6.909,2023-03-03,2023-03-03,2023,3
6.842,2023-03-02,2023-03-02,2023,3
6.953,2023-03-01,2023-03-01,2023,3
6.872,2023-02-28,2023-02-28,2023,2
6.879,2023-02-27,2023-02-27,2023,2
6.872,2023-02-24,2023-02-26,2023,2
6.848,2023-02-23,2023-02-23,2023,2
6.983,2023-02-22,2023-02-22,2023,2
6.928,2023-02-17,2023-02-21,2023,2
6.891,2023-02-16,2023-02-16,2023,2
6.854,2023-02-15,2023-02-15,2023,2
6.835,2023-02-14,2023-02-14,2023,2
6.909,2023-02-13,2023-02-13,2023,2
6.854,2023-02-10,2023-02-12,2023,2
6.823,2023-02-09,2023-02-09,2023,2
6.885,2023-02-08,2023-02-08,2023,2
6.842,2023-02-07,2023-02-07,2023,2
6.928,2023-02-06,2023-02-06,2023,2
6.743,2023-02-03,2023-02-05,2023,2
6.823,2023-02-02,2023-02-02,2023,2
6.916,2023-02-01,2023-02-01,2023,2
6.811,2023-01-31,2023-01-31,2023,1
6.953,2023-01-30,2023-01-30,2023,1
6.811,2023-01-27,2023-01-29,2023,1
6.823,2023-01-26,2023-01-26,2023,1
6.83,2023-01-25,2023-01-25,2023,1
6.86,2023-01-24,2023-01-24,2023,1
6.904,2023-01-23,2023-01-23,2023,1
6.879,2023-01-20,2023-01-22,2023,1
6.897,2023-01-19,2023-01-19,2023,1
6.922,2023-01-18,2023-01-18,2023,1
6.786,2023-01-17,2023-01-17,2023,1
6.835,2023-01-13,2023-01-16,2023,1
6.842,2023-01-12,2023-01-12,2023,1
6.885,2023-01-11,2023-01-11,2023,1
6.756,2023-01-10,2023-01-10,2023,1
6.842,2023-01-06,2023-01-09,2023,1
6.786,2023-01-05,2023-01-05,2023,1
6.83,2023-01-04,2023-01-04,2023,1
6.756,2023-01-03,2023-01-03,2023,1
6.854,2023-01-02,2023-01-02,2023,1
6.83,2022-12-30,2023-01-01,2022,12
6.872,2022-12-29,2022-12-29,2022,12
6.493,2022-12-28,2022-12-28,2022,12
6.811,2022-12-27,2022-12-27,2022,12
6.842,2022-12-26,2022-12-26,2022,12
6.86,2022-12-23,2022-12-25,2022,12
6.798,2022-12-22,2022-12-22,2022,12
6.854,2022-12-21,2022-12-21,2022,12
6.854,2022-12-20,2022-12-20,2022,12
6.854,2022-12-19,2022-12-19,2022,12
6.842,2022-12-16,2022-12-18,2022,12
6.817,2022-12-15,2022-12-15,2022,12
6.897,2022-12-14,2022-12-14,2022,12
6.805,2022-12-13,2022-12-13,2022,12
6.811,2022-12-12,2022-12-12,2022,12
6.854,2022-12-07,2022-12-11,2022,12
6.737,2022-12-06,2022-12-06,2022,12
6.835,2022-12-05,2022-12-05,2022,12
6.823,2022-12-02,2022-12-04,2022,12
6.743,2022-12-01,2022-12-01,2022,12
6.83,2022-11-30,2022-11-30,2022,11
6.867,2022-11-29,2022-11-29,2022,11
6.761,2022-11-28,2022-11-28,2022,11
6.774,2022-11-25,2022-11-27,2022,11
6.83,2022-11-24,2022-11-24,2022,11
6.768,2022-11-23,2022-11-23,2022,11
6.872,2022-11-22,2022-11-22,2022,11
6.904,2022-11-18,2022-11-21,2022,11
6.916,2022-11-17,2022-11-17,2022,11
6.749,2022-11-16,2022-11-16,2022,11
6.811,2022-11-15,2022-11-15,2022,11
6.848,2022-11-14,2022-11-14,2022,11
6.867,2022-11-11,2022-11-13,2022,11
6.78,2022-11-10,2022-11-10,2022,11
6.885,2022-11-09,2022-11-09,2022,11
6.817,2022-11-08,2022-11-08,2022,11
6.854,2022-11-07,2022-11-07,2022,11
6.786,2022-11-04,2022-11-06,2022,11
6.798,2022-11-03,2022-11-03,2022,11
6.83,2022-11-02,2022-11-02,2022,11
6.731,2022-11-01,2022-11-01,2022,11
6.817,2022-10-28,2022-10-31,2022,10
6.768,2022-10-27,2022-10-27,2022,10
6.774,2022-10-26,2022-10-26,2022,10
6.731,2022-10-25,2022-10-25,2022,10
6.848,2022-10-24,2022-10-24,2022,10
6.78,2022-10-21,2022-10-23,2022,10
6.842,2022-10-20,2022-10-20,2022,10
6.86,2022-10-19,2022-10-19,2022,10
6.885,2022-10-18,2022-10-18,2022,10
6.768,2022-10-17,2022-10-17,2022,10
6.854,2022-10-14,2022-10-16,2022,10
6.78,2022-10-13,2022-10-13,2022,10
6.885,2022-10-12,2022-10-12,2022,10
6.817,2022-10-11,2022-10-11,2022,10
6.817,2022-10-06,2022-10-10,2022,10
6.805,2022-10-05,2022-10-05,2022,10
6.731,2022-10-04,2022-10-04,2022,10
6.83,2022-10-03,2022-10-03,2022,10
6.78,2022-09-30,2022-10-02,2022,9
6.768,2022-09-29,2022-09-29,2022,9
6.872,2022-09-28,2022-09-28,2022,9
6.774,2022-09-26,2022-09-27,2022,9
6.724,2022-09-23,2022-09-25,2022,9
6.318,2022-09-22,2022-09-22,2022,9
6.3,2022-09-21,2022-09-21,2022,9
6.305,2022-09-20,2022-09-20,2022,9
6.33,2022-09-19,2022-09-19,2022,9
6.281,2022-09-16,2022-09-18,2022,9
6.268,2022-09-15,2022-09-15,2022,9
6.293,2022-09-14,2022-09-14,2022,9
6.207,2022-09-13,2022-09-13,2022,9
6.33,2022-09-12,2022-09-12,2022,9
6.373,2022-09-09,2022-09-11,2022,9
6.3,2022-09-08,2022-09-08,2022,9
6.238,2022-09-07,2022-09-07,2022,9
6.275,2022-09-06,2022-09-06,2022,9
6.256,2022-09-05,2022-09-05,2022,9
6.244,2022-09-01,2022-09-04,2022,9
6.25,2022-08-31,2022-08-31,2022,8
6.219,2022-08-30,2022-08-30,2022,8
6.324,2022-08-29,2022-08-29,2022,8
6.189,2022-08-26,2022-08-28,2022,8
6.25,2022-08-25,2022-08-25,2022,8
6.263,2022-08-24,2022-08-24,2022,8
6.287,2022-08-23,2022-08-23,2022,8
6.263,2022-08-22,2022-08-22,2022,8
5.578,2022-08-19,2022-08-21,2022,8
5.541,2022-08-18,2022-08-18,2022,8
5.498,2022-08-17,2022-08-17,2022,8
5.578,2022-08-16,2022-08-16,2022,8
5.553,2022-08-12,2022-08-15,2022,8
5.541,2022-08-11,2022-08-11,2022,8
5.56,2022-08-10,2022-08-10,2022,8
5.5461,2022-08-09,2022-08-09,2022,8
5.572,2022-08-08,2022-08-08,2022,8
5.486,2022-08-05,2022-08-07,2022,8
5.03,2022-08-04,2022-08-04,2022,8
5.017,2022-08-03,2022-08-03,2022,8
4.98,2022-08-02,2022-08-02,2022,8
4.998,2022-08-01,2022-08-01,2022,8
5.005,2022-07-29,2022-07-31,2022,7
5.03,2022-07-28,2022-07-28,2022,7
4.986,2022-07-27,2022-07-27,2022,7
5.005,2022-07-26,2022-07-26,2022,7
5.011,2022-07-25,2022-07-25,2022,7
5.017,2022-07-22,2022-07-24,2022,7
5.03,2022-07-21,2022-07-21,2022,7
5.017,2022-07-20,2022-07-20,2022,7
5.005,2022-07-19,2022-07-19,2022,7
5.03,2022-07-15,2022-07-18,2022,7
5.011,2022-07-14,2022-07-14,2022,7
5.035,2022-07-13,2022-07-13,2022,7
5.005,2022-07-12,2022-07-12,2022,7
5.017,2022-07-11,2022-07-11,2022,7
5.023,2022-07-08,2022-07-10,2022,7
4.993,2022-07-07,2022-07-07,2022,7
5.005,2022-07-06,2022-07-06,2022,7
4.986,2022-07-05,2022-07-05,2022,7
5.011,2022-07-04,2022-07-04,2022,7
4.98,2022-07-01,2022-07-03,2022,7
4.998,2022-06-29,2022-06-29,2022,6
5.011,2022-06-28,2022-06-28,2022,6
4.604,2022-06-27,2022-06-27,2022,6
4.586,2022-06-24,2022-06-26,2022,6
4.567,2022-06-23,2022-06-23,2022,6
4.598,2022-06-22,2022-06-22,2022,6
4.592,2022-06-21,2022-06-21,2022,6
4.586,2022-06-16,2022-06-20,2022,6
4.598,2022-06-15,2022-06-15,2022,6
4.592,2022-06-14,2022-06-14,2022,6
4.598,2022-06-13,2022-06-13,2022,6
4.579,2022-06-10,2022-06-12,2022,6
4.586,2022-06-09,2022-06-09,2022,6
4.604,2022-06-08,2022-06-08,2022,6
4.518,2022-06-07,2022-06-07,2022,6
4.586,2022-06-06,2022-06-06,2022,6
4.579,2022-06-03,2022-06-05,2022,6
4.586,2022-06-02,2022-06-02,2022,6
4.573,2022-06-01,2022-06-01,2022,6
4.579,2022-05-31,2022-05-31,2022,5
4.573,2022-05-30,2022-05-30,2022,5
4.592,2022-05-27,2022-05-29,2022,5
4.586,2022-05-26,2022-05-26,2022,5
4.505,2022-05-24,2022-05-25,2022,5
4.573,2022-05-23,2022-05-23,2022,5
4.394,2022-05-20,2022-05-22,2022,5
4.401,2022-05-19,2022-05-19,2022,5
4.376,2022-05-17,2022-05-18,2022,5
4.401,2022-05-16,2022-05-16,2022,5
4.394,2022-05-13,2022-05-15,2022,5
4.401,2022-05-12,2022-05-12,2022,5
4.382,2022-05-10,2022-05-11,2022,5
4.401,2022-05-09,2022-05-09,2022,5
4.376,2022-05-06,2022-05-08,2022,5
4.389,2022-05-05,2022-05-05,2022,5
4.394,2022-05-04,2022-05-04,2022,5
4.401,2022-05-03,2022-05-03,2022,5
4.382,2022-05-02,2022-05-02,2022,5
4.37,2022-04-29,2022-05-01,2022,4
4.376,2022-04-28,2022-04-28,2022,4
4.37,2022-04-27,2022-04-27,2022,4
4.364,2022-04-26,2022-04-26,2022,4
4.394,2022-04-25,2022-04-25,2022,4
4.13,2022-04-21,2022-04-24,2022,4
4.142,2022-04-20,2022-04-20,2022,4
4.135,2022-04-18,2022-04-19,2022,4
4.154,2022-04-12,2022-04-17,2022,4
4.142,2022-04-08,2022-04-11,2022,4
4.123,2022-04-07,2022-04-07,2022,4
4.142,2022-04-06,2022-04-06,2022,4
4.135,2022-04-05,2022-04-05,2022,4
4.142,2022-04-04,2022-04-04,2022,4
4.135,2022-04-01,2022-04-04,2022,4
4.117,2022-03-31,2022-04-03,2022,3
3.932,2022-03-30,2022-03-30,2022,3
3.945,2022-03-29,2022-03-29,2022,3
3.95,2022-03-28,2022-03-28,2022,3
3.963,2022-03-25,2022-03-27,2022,3
3.95,2022-03-23,2022-03-24,2022,3
3.945,2022-03-22,2022-03-22,2022,3
3.932,2022-03-21,2022-03-21,2022,3
3.938,2022-03-18,2022-03-20,2022,3
3.95,2022-03-17,2022-03-17,2022,3
3.932,2022-03-16,2022-03-16,2022,3
3.945,2022-03-15,2022-03-15,2022,3
3.95,2022-03-14,2022-03-14,2022,3
3.92,2022-03-11,2022-03-13,2022,3
3.95,2022-03-10,2022-03-10,2022,3
3.957,2022-03-09,2022-03-09,2022,3
3.938,2022-03-07,2022-03-08,2022,3
3.95,2022-03-03,2022-03-06,2022,3
3.932,2022-03-02,2022-03-02,2022,3
3.938,2022-02-25,2022-03-01,2022,2
3.71,2022-02-24,2022-02-24,2022,2
3.716,2022-02-23,2022-02-23,2022,2
3.71,2022-02-22,2022-02-22,2022,2
3.698,2022-02-21,2022-02-21,2022,2
3.704,2022-02-18,2022-02-20,2022,2
3.698,2022-02-17,2022-02-17,2022,2
3.716,2022-02-16,2022-02-16,2022,2
3.692,2022-02-15,2022-02-15,2022,2
3.686,2022-02-14,2022-02-14,2022,2
3.704,2022-02-09,2022-02-13,2022,2
3.698,2022-02-08,2022-02-08,2022,2
3.71,2022-02-07,2022-02-07,2022,2
3.723,2022-02-04,2022-02-06,2022,2
3.704,2022-02-02,2022-02-03,2022,2
3.71,2022-02-01,2022-02-01,2022,2
3.71,2022-01-31,2022-01-31,2022,1
3.698,2022-01-28,2022-01-30,2022,1
3.71,2022-01-27,2022-01-27,2022,1
3.704,2022-01-26,2022-01-26,2022,1
3.698,2022-01-25,2022-01-25,2022,1
3.723,2022-01-24,2022-01-24,2022,1
3.71,2022-01-21,2022-01-23,2022,1
3.692,2022-01-19,2022-01-20,2022,1
3.686,2022-01-18,2022-01-18,2022,1
3.71,2022-01-17,2022-01-17,2022,1
3.686,2022-01-14,2022-01-16,2022,1
3.371,2022-01-13,2022-01-13,2022,1
3.378,2022-01-11,2022-01-12,2022,1
3.371,2022-01-10,2022-01-10,2022,1
3.365,2022-01-07,2022-01-09,2022,1
3.371,2022-01-06,2022-01-06,2022,1
3.378,2022-01-03,2022-01-05,2022,1
3.371,2021-12-30,2022-01-02,2021,12
3.378,2021-12-27,2021-12-29,2021,12
3.371,2021-12-22,2021-12-26,2021,12
3.383,2021-12-21,2021-12-21,2021,12
3.365,2021-12-20,2021-12-20,2021,12
3.371,2021-12-17,2021-12-19,2021,12
3.378,2021-12-16,2021-12-16,2021,12
3.365,2021-12-15,2021-12-15,2021,12
3.378,2021-12-14,2021-12-14,2021,12
3.365,2021-12-13,2021-12-13,2021,12
3.359,2021-12-10,2021-12-12,2021,12
3.371,2021-12-09,2021-12-09,2021,12
3.365,2021-12-07,2021-12-08,2021,12
3.378,2021-12-06,2021-12-06,2021,12
3.365,2021-12-02,2021-12-05,2021,12
3.371,2021-11-29,2021-12-01,2021,11
3.378,2021-11-26,2021-11-28,2021,11
3.371,2021-11-25,2021-11-25,2021,11
3.378,2021-11-24,2021-11-24,2021,11
3.365,2021-11-19,2021-11-23,2021,11
3.353,2021-11-18,2021-11-18,2021,11
3.371,2021-11-16,2021-11-17,2021,11
3.378,2021-11-12,2021-11-15,2021,11
3.371,2021-11-11,2021-11-11,2021,11
3.365,2021-11-09,2021-11-10,2021,11
3.378,2021-11-08,2021-11-08,2021,11
3.365,2021-11-01,2021-11-07,2021,11
3.378,2021-10-29,2021-10-31,2021,10
3.371,2021-10-28,2021-10-28,2021,10
3.365,2021-10-26,2021-10-27,2021,10
3.371,2021-10-25,2021-10-25,2021,10
3.359,2021-10-21,2021-10-24,2021,10
3.371,2021-10-20,2021-10-20,2021,10
3.365,2021-10-18,2021-10-19,2021,10
3.378,2021-10-15,2021-10-17,2021,10
3.359,2021-10-14,2021-10-14,2021,10
3.365,2021-10-13,2021-10-13,2021,10
3.371,2021-10-06,2021-10-12,2021,10
3.365,2021-10-01,2021-10-05,2021,10
3.378,2021-09-30,2021-09-30,2021,9
3.371,2021-09-29,2021-09-29,2021,9
3.365,2021-09-28,2021-09-28,2021,9
3.371,2021-09-27,2021-09-27,2021,9
3.365,2021-09-24,2021-09-26,2021,9
3.378,2021-09-23,2021-09-23,2021,9
3.359,2021-09-22,2021-09-22,2021,9
3.346,2021-09-21,2021-09-21,2021,9
3.371,2021-09-20,2021-09-20,2021,9
3.359,2021-09-17,2021-09-19,2021,9
3.371,2021-09-16,2021-09-16,2021,9
3.378,2021-09-15,2021-09-15,2021,9
3.371,2021-09-14,2021-09-14,2021,9
3.383,2021-09-13,2021-09-13,2021,9
3.365,2021-09-09,2021-09-12,2021,9
3.371,2021-09-06,2021-09-08,2021,9
3.365,2021-09-02,2021-09-05,2021,9
3.371,2021-09-01,2021-09-01,2021,9
3.365,2021-08-31,2021-08-31,2021,8
3.371,2021-08-30,2021-08-30,2021,8
3.359,2021-08-27,2021-08-29,2021,8
3.371,2021-08-26,2021-08-26,2021,8
3.359,2021-08-25,2021-08-25,2021,8
3.378,2021-08-24,2021-08-24,2021,8
3.365,2021-08-23,2021-08-23,2021,8
3.371,2021-08-20,2021-08-22,2021,8
3.359,2021-08-19,2021-08-19,2021,8
3.371,2021-08-18,2021-08-18,2021,8
3.378,2021-08-13,2021-08-17,2021,8
3.371,2021-08-12,2021-08-12,2021,8
3.353,2021-08-11,2021-08-11,2021,8
3.371,2021-08-09,2021-08-10,2021,8
3.365,2021-08-04,2021-08-08,2021,8
3.371,2021-08-02,2021-08-03,2021,8
3.365,2021-07-30,2021-08-01,2021,7
3.359,2021-07-29,2021-07-29,2021,7
3.371,2021-07-27,2021-07-28,2021,7
3.365,2021-07-26,2021-07-26,2021,7
3.359,2021-07-23,2021-07-25,2021,7
3.371,2021-07-22,2021-07-22,2021,7
3.365,2021-07-21,2021-07-21,2021,7
3.341,2021-07-20,2021-07-20,2021,7
3.365,2021-07-19,2021-07-19,2021,7
3.371,2021-07-16,2021-07-18,2021,7
3.378,2021-07-15,2021-07-15,2021,7
3.371,2021-07-14,2021-07-14,2021,7
3.353,2021-07-13,2021-07-13,2021,7
3.371,2021-07-12,2021-07-12,2021,7
3.365,2021-07-07,2021-07-11,2021,7
3.359,2021-07-06,2021-07-06,2021,7
3.365,2021-07-02,2021-07-05,2021,7
3.359,2021-07-01,2021-07-01,2021,7
3.371,2021-06-30,2021-06-30,2021,6
3.365,2021-06-29,2021-06-29,2021,6
3.371,2021-06-28,2021-06-28,2021,6
3.353,2021-06-25,2021-06-27,2021,6
3.365,2021-06-24,2021-06-24,2021,6
3.371,2021-06-23,2021-06-23,2021,6
3.365,2021-06-18,2021-06-22,2021,6
3.378,2021-06-17,2021-06-17,2021,6
3.353,2021-06-16,2021-06-16,2021,6
3.371,2021-06-15,2021-06-15,2021,6
3.378,2021-06-14,2021-06-14,2021,6
3.341,2021-06-11,2021-06-13,2021,6
3.365,2021-06-10,2021-06-10,2021,6
3.371,2021-06-09,2021-06-09,2021,6
3.359,2021-06-08,2021-06-08,2021,6
3.365,2021-06-07,2021-06-07,2021,6
3.359,2021-06-04,2021-06-06,2021,6
3.365,2021-06-03,2021-06-03,2021,6
3.371,2021-06-02,2021-06-02,2021,6
3.359,2021-06-01,2021-06-01,2021,6
3.365,2021-05-31,2021-05-31,2021,5
3.371,2021-05-27,2021-05-30,2021,5
3.359,2021-05-21,2021-05-26,2021,5
3.371,2021-05-19,2021-05-20,2021,5
3.365,2021-05-18,2021-05-18,2021,5
3.353,2021-05-17,2021-05-17,2021,5
3.365,2021-05-13,2021-05-16,2021,5
3.341,2021-05-12,2021-05-12,2021,5
3.365,2021-05-11,2021-05-11,2021,5
3.378,2021-05-10,2021-05-10,2021,5
3.359,2021-05-07,2021-05-09,2021,5
3.371,2021-05-06,2021-05-06,2021,5
3.346,2021-05-05,2021-05-05,2021,5
3.365,2021-05-04,2021-05-04,2021,5
3.359,2021-05-03,2021-05-03,2021,5
3.365,2021-04-30,2021-05-02,2021,4
3.378,2021-04-29,2021-04-29,2021,4
3.365,2021-04-28,2021-04-28,2021,4
3.359,2021-04-27,2021-04-27,2021,4
3.371,2021-04-26,2021-04-26,2021,4
3.365,2021-04-23,2021-04-25,2021,4
3.359,2021-04-22,2021-04-22,2021,4
3.353,2021-04-21,2021-04-21,2021,4
3.371,2021-04-19,2021-04-20,2021,4
3.359,2021-04-14,2021-04-18,2021,4
3.365,2021-04-13,2021-04-13,2021,4
3.346,2021-04-12,2021-04-12,2021,4
3.359,2021-04-09,2021-04-11,2021,4
3.365,2021-04-08,2021-04-08,2021,4
3.328,2021-04-07,2021-04-07,2021,4
3.371,2021-04-06,2021-04-06,2021,4
3.353,2021-04-05,2021-04-05,2021,4
3.371,2021-03-31,2021-04-04,2021,3
3.365,2021-03-29,2021-03-30,2021,3
3.359,2021-03-26,2021-03-28,2021,3
3.365,2021-03-25,2021-03-25,2021,3
3.359,2021-03-23,2021-03-24,2021,3
3.353,2021-03-22,2021-03-22,2021,3
3.371,2021-03-18,2021-03-21,2021,3
3.353,2021-03-17,2021-03-17,2021,3
3.359,2021-03-16,2021-03-16,2021,3
3.371,2021-03-15,2021-03-15,2021,3
3.341,2021-03-11,2021-03-14,2021,3
3.371,2021-03-10,2021-03-10,2021,3
3.359,2021-03-08,2021-03-09,2021,3
3.316,2021-03-05,2021-03-07,2021,3
3.371,2021-03-03,2021-03-04,2021,3
3.365,2021-03-01,2021-03-02,2021,3
3.328,2021-02-26,2021-02-28,2021,2
3.378,2021-02-24,2021-02-25,2021,2
3.353,2021-02-23,2021-02-23,2021,2
3.365,2021-02-22,2021-02-22,2021,2
3.371,2021-02-19,2021-02-21,2021,2
3.378,2021-02-18,2021-02-18,2021,2
3.365,2021-02-17,2021-02-17,2021,2
3.359,2021-02-12,2021-02-16,2021,2
3.371,2021-02-11,2021-02-11,2021,2
3.353,2021-02-10,2021-02-10,2021,2
3.371,2021-02-04,2021-02-09,2021,2
3.359,2021-02-03,2021-02-03,2021,2
3.341,2021-02-02,2021-02-02,2021,2
3.334,2021-02-01,2021-02-01,2021,2
3.353,2021-01-28,2021-01-31,2021,1
3.383,2021-01-27,2021-01-27,2021,1
3.371,2021-01-25,2021-01-26,2021,1
3.408,2021-01-22,2021-01-24,2021,1
3.39,2021-01-21,2021-01-21,2021,1
3.353,2021-01-20,2021-01-20,2021,1
3.365,2021-01-19,2021-01-19,2021,1
3.383,2021-01-18,2021-01-18,2021,1
3.365,2021-01-15,2021-01-17,2021,1
3.334,2021-01-14,2021-01-14,2021,1
3.346,2021-01-13,2021-01-13,2021,1
3.383,2021-01-12,2021-01-12,2021,1
3.359,2021-01-11,2021-01-11,2021,1
3.378,2021-01-08,2021-01-10,2021,1
3.371,2021-01-07,2021-01-07,2021,1
3.365,2021-01-06,2021-01-06,2021,1
3.359,2021-01-04,2021-01-05,2021,1
3.378,2020-12-30,2021-01-03,2020,12
3.383,2020-12-29,2020-12-29,2020,12
3.371,2020-12-23,2020-12-28,2020,12
3.402,2020-12-22,2020-12-22,2020,12
3.359,2020-12-21,2020-12-21,2020,12
3.365,2020-12-18,2020-12-20,2020,12
3.39,2020-12-17,2020-12-17,2020,12
3.378,2020-12-16,2020-12-16,2020,12
3.359,2020-12-15,2020-12-15,2020,12
3.371,2020-12-14,2020-12-14,2020,12
3.383,2020-12-11,2020-12-13,2020,12
3.39,2020-12-10,2020-12-10,2020,12
3.328,2020-12-04,2020-12-09,2020,12
3.359,2020-12-03,2020-12-03,2020,12
3.316,2020-12-02,2020-12-02,2020,12
3.341,2020-12-01,2020-12-01,2020,12
3.359,2020-11-30,2020-11-30,2020,11
3.341,2020-11-26,2020-11-29,2020,11
3.346,2020-11-25,2020-11-25,2020,11
3.341,2020-11-24,2020-11-24,2020,11
3.316,2020-11-20,2020-11-23,2020,11
3.124,2020-11-19,2020-11-19,2020,11
3.112,2020-11-18,2020-11-18,2020,11
3.137,2020-11-17,2020-11-17,2020,11
3.131,2020-11-16,2020-11-16,2020,11
3.137,2020-11-13,2020-11-15,2020,11
3.1,2020-11-12,2020-11-12,2020,11
3.131,2020-11-09,2020-11-11,2020,11
3.124,2020-11-04,2020-11-08,2020,11
3.112,2020-10-30,2020-11-03,2020,10
3.069,2020-10-29,2020-10-29,2020,10
3.131,2020-10-28,2020-10-28,2020,10
3.143,2020-10-27,2020-10-27,2020,10
3.112,2020-10-26,2020-10-26,2020,10
3.124,2020-10-23,2020-10-25,2020,10
2.958,2020-10-22,2020-10-22,2020,10
2.921,2020-10-21,2020-10-21,2020,10
2.94,2020-10-20,2020-10-20,2020,10
2.934,2020-10-19,2020-10-19,2020,10
2.915,2020-10-16,2020-10-18,2020,10
2.927,2020-10-15,2020-10-15,2020,10
2.952,2020-10-14,2020-10-14,2020,10
2.946,2020-10-13,2020-10-13,2020,10
2.927,2020-10-09,2020-10-12,2020,10
2.847,2020-10-08,2020-10-08,2020,10
2.927,2020-10-07,2020-10-07,2020,10
2.964,2020-10-06,2020-10-06,2020,10
2.94,2020-10-05,2020-10-05,2020,10
2.915,2020-10-01,2020-10-04,2020,10
2.884,2020-09-30,2020-09-30,2020,9
2.934,2020-09-29,2020-09-29,2020,9
2.958,2020-09-28,2020-09-28,2020,9
2.946,2020-09-23,2020-09-27,2020,9
2.909,2020-09-22,2020-09-22,2020,9
2.927,2020-09-21,2020-09-21,2020,9
2.909,2020-09-18,2020-09-20,2020,9
2.927,2020-09-17,2020-09-17,2020,9
2.952,2020-09-16,2020-09-16,2020,9
2.946,2020-09-15,2020-09-15,2020,9
2.921,2020-09-14,2020-09-14,2020,9
2.94,2020-09-11,2020-09-13,2020,9
2.958,2020-09-10,2020-09-10,2020,9
2.934,2020-09-09,2020-09-09,2020,9
2.927,2020-09-08,2020-09-08,2020,9
2.921,2020-09-07,2020-09-07,2020,9
2.952,2020-09-04,2020-09-06,2020,9
2.878,2020-09-03,2020-09-03,2020,9
2.946,2020-09-02,2020-09-02,2020,9
2.915,2020-09-01,2020-09-01,2020,9
2.853,2020-08-31,2020-08-31,2020,8
2.915,2020-08-28,2020-08-30,2020,8
2.958,2020-08-27,2020-08-27,2020,8
2.94,2020-08-26,2020-08-26,2020,8
2.952,2020-08-25,2020-08-25,2020,8
2.946,2020-08-24,2020-08-24,2020,8
2.89,2020-08-21,2020-08-23,2020,8
2.934,2020-08-20,2020-08-20,2020,8
2.927,2020-08-19,2020-08-19,2020,8
2.958,2020-08-18,2020-08-18,2020,8
2.921,2020-08-14,2020-08-17,2020,8
2.94,2020-08-13,2020-08-13,2020,8
2.903,2020-08-12,2020-08-12,2020,8
2.884,2020-08-11,2020-08-11,2020,8
2.946,2020-08-10,2020-08-10,2020,8
2.878,2020-08-07,2020-08-09,2020,8
2.921,2020-08-06,2020-08-06,2020,8
2.934,2020-08-05,2020-08-05,2020,8
2.878,2020-08-04,2020-08-04,2020,8
2.897,2020-08-03,2020-08-03,2020,8
2.915,2020-07-31,2020-08-02,2020,7
2.872,2020-07-30,2020-07-30,2020,7
2.927,2020-07-29,2020-07-29,2020,7
2.909,2020-07-28,2020-07-28,2020,7
2.903,2020-07-27,2020-07-27,2020,7
2.915,2020-07-24,2020-07-26,2020,7
2.909,2020-07-23,2020-07-23,2020,7
2.921,2020-07-22,2020-07-22,2020,7
2.915,2020-07-21,2020-07-21,2020,7
2.927,2020-07-20,2020-07-20,2020,7
2.909,2020-07-17,2020-07-19,2020,7
2.934,2020-07-16,2020-07-16,2020,7
2.927,2020-07-15,2020-07-15,2020,7
2.915,2020-07-13,2020-07-14,2020,7
2.934,2020-07-08,2020-07-12,2020,7
2.927,2020-07-07,2020-07-07,2020,7
2.86,2020-07-06,2020-07-06,2020,7
2.921,2020-07-03,2020-07-05,2020,7
2.94,2020-07-02,2020-07-02,2020,7
2.934,2020-06-30,2020-07-01,2020,6
2.921,2020-06-29,2020-06-29,2020,6
2.94,2020-06-26,2020-06-28,2020,6
2.903,2020-06-25,2020-06-25,2020,6
2.94,2020-06-24,2020-06-24,2020,6
2.934,2020-06-23,2020-06-23,2020,6
2.878,2020-06-22,2020-06-22,2020,6
2.927,2020-06-19,2020-06-21,2020,6
2.909,2020-06-18,2020-06-18,2020,6
2.946,2020-06-17,2020-06-17,2020,6
2.915,2020-06-12,2020-06-16,2020,6
2.934,2020-06-11,2020-06-11,2020,6
2.915,2020-06-10,2020-06-10,2020,6
2.86,2020-06-09,2020-06-09,2020,6
2.81,2020-06-08,2020-06-08,2020,6
2.619,2020-06-05,2020-06-07,2020,6
2.613,2020-06-04,2020-06-04,2020,6
2.607,2020-06-03,2020-06-03,2020,6
2.533,2020-06-02,2020-06-02,2020,6
2.582,2020-06-01,2020-06-01,2020,6
2.613,2020-05-28,2020-05-31,2020,5
2.589,2020-05-27,2020-05-27,2020,5
2.607,2020-05-26,2020-05-26,2020,5
2.231,2020-05-22,2020-05-25,2020,5
2.046,2020-05-21,2020-05-21,2020,5
2.15,2020-05-20,2020-05-20,2020,5
2.027,2020-05-19,2020-05-19,2020,5
2.076,2020-05-18,2020-05-18,2020,5
2.034,2020-05-15,2020-05-17,2020,5
1.953,2020-05-14,2020-05-14,2020,5
1.978,2020-05-13,2020-05-13,2020,5
1.96,2020-05-12,2020-05-12,2020,5
2.076,2020-05-11,2020-05-11,2020,5
1.818,2020-05-08,2020-05-10,2020,5
1.805,2020-05-07,2020-05-07,2020,5
1.812,2020-05-06,2020-05-06,2020,5
1.805,2020-05-04,2020-05-05,2020,5
1.571,2020-04-30,2020-05-03,2020,4
1.596,2020-04-29,2020-04-29,2020,4
1.719,2020-04-28,2020-04-28,2020,4
1.8,2020-04-27,2020-04-27,2020,4
1.664,2020-04-23,2020-04-26,2020,4
1.8,2020-04-22,2020-04-22,2020,4
1.787,2020-04-21,2020-04-21,2020,4
2.071,2020-04-20,2020-04-20,2020,4
2.163,2020-04-17,2020-04-19,2020,4
2.274,2020-04-16,2020-04-16,2020,4
2.478,2020-04-15,2020-04-15,2020,4
2.539,2020-04-14,2020-04-14,2020,4
2.576,2020-04-13,2020-04-13,2020,4
2.663,2020-04-08,2020-04-12,2020,4
2.718,2020-04-07,2020-04-07,2020,4
2.736,2020-04-06,2020-04-06,2020,4
2.897,2020-04-03,2020-04-05,2020,4
2.89,2020-04-02,2020-04-02,2020,4
2.86,2020-04-01,2020-04-01,2020,4
2.89,2020-03-30,2020-03-31,2020,3
2.909,2020-03-25,2020-03-29,2020,3
2.89,2020-03-20,2020-03-24,2020,3
2.909,2020-03-19,2020-03-19,2020,3
2.94,2020-03-18,2020-03-18,2020,3
2.934,2020-03-17,2020-03-17,2020,3
2.915,2020-03-16,2020-03-16,2020,3
2.946,2020-03-13,2020-03-15,2020,3
3.001,2020-03-12,2020-03-12,2020,3
3.008,2020-03-11,2020-03-11,2020,3
3.075,2020-03-10,2020-03-10,2020,3
3.057,2020-03-09,2020-03-09,2020,3
3.137,2020-03-06,2020-03-08,2020,3
3.063,2020-03-05,2020-03-05,2020,3
3.069,2020-03-04,2020-03-04,2020,3
3.143,2020-03-03,2020-03-03,2020,3
3.254,2020-03-02,2020-03-02,2020,3
3.297,2020-02-28,2020-03-01,2020,2
3.242,2020-02-27,2020-02-27,2020,2
3.346,2020-02-26,2020-02-26,2020,2
3.359,2020-02-21,2020-02-25,2020,2
3.476,2020-02-20,2020-02-20,2020,2
3.39,2020-02-19,2020-02-19,2020,2
3.47,2020-02-18,2020-02-18,2020,2
3.402,2020-02-17,2020-02-17,2020,2
3.365,2020-02-14,2020-02-16,2020,2
3.42,2020-02-13,2020-02-13,2020,2
3.378,2020-02-12,2020-02-12,2020,2
3.42,2020-02-11,2020-02-11,2020,2
3.383,2020-02-10,2020-02-10,2020,2
3.353,2020-02-07,2020-02-09,2020,2
3.383,2020-02-05,2020-02-06,2020,2
3.402,2020-02-04,2020-02-04,2020,2
3.383,2020-02-03,2020-02-03,2020,2
3.439,2020-01-31,2020-02-02,2020,1
3.408,2020-01-30,2020-01-30,2020,1
3.445,2020-01-28,2020-01-29,2020,1
3.489,2020-01-24,2020-01-27,2020,1
3.563,2020-01-23,2020-01-23,2020,1
3.581,2020-01-22,2020-01-22,2020,1
3.6,2020-01-21,2020-01-21,2020,1
3.661,2020-01-20,2020-01-20,2020,1
3.704,2020-01-17,2020-01-19,2020,1
3.747,2020-01-16,2020-01-16,2020,1
3.704,2020-01-15,2020-01-15,2020,1
3.772,2020-01-14,2020-01-14,2020,1
3.821,2020-01-10,2020-01-13,2020,1
3.834,2020-01-09,2020-01-09,2020,1
3.889,2020-01-08,2020-01-08,2020,1
3.975,2020-01-07,2020-01-07,2020,1
3.969,2020-01-06,2020-01-06,2020,1
4.019,2020-01-03,2020-01-05,2020,1
3.994,2020-01-02,2020-01-02,2020,1
4.031,2020-01-01,2020-01-01,2020,1
4.031,2019-12-30,2019-12-31,2019,12
4.105,2019-12-27,2019-12-29,2019,12
4.068,2019-12-26,2019-12-26,2019,12
4.108,2019-12-23,2019-12-25,2019,12
4.13,2019-12-20,2019-12-22,2019,12
4.172,2019-12-18,2019-12-19,2019,12
4.228,2019-12-17,2019-12-17,2019,12
4.191,2019-12-16,2019-12-16,2019,12
4.209,2019-12-13,2019-12-15,2019,12
4.333,2019-12-12,2019-12-12,2019,12
4.29,2019-12-11,2019-12-11,2019,12
4.37,2019-12-10,2019-12-10,2019,12
4.357,2019-12-06,2019-12-09,2019,12
4.394,2019-12-05,2019-12-05,2019,12
4.376,2019-12-04,2019-12-04,2019,12
4.475,2019-12-03,2019-12-03,2019,12
4.394,2019-12-02,2019-12-02,2019,12
4.444,2019-11-29,2019-12-01,2019,11
4.468,2019-11-28,2019-11-28,2019,11
4.45,2019-11-27,2019-11-27,2019,11
4.475,2019-11-26,2019-11-26,2019,11
4.653,2019-11-25,2019-11-25,2019,11
4.505,2019-11-22,2019-11-24,2019,11
4.561,2019-11-21,2019-11-21,2019,11
4.579,2019-11-20,2019-11-20,2019,11
4.586,2019-11-19,2019-11-19,2019,11
4.684,2019-11-15,2019-11-18,2019,11
4.586,2019-11-14,2019-11-14,2019,11
4.697,2019-11-13,2019-11-13,2019,11
4.703,2019-11-12,2019-11-12,2019,11
4.776,2019-11-11,2019-11-11,2019,11
4.801,2019-11-08,2019-11-10,2019,11
4.937,2019-11-07,2019-11-07,2019,11
5.042,2019-11-05,2019-11-06,2019,11
5.282,2019-11-04,2019-11-04,2019,11
4.956,2019-11-01,2019-11-03,2019,11
5.27,2019-10-31,2019-10-31,2019,10
5.363,2019-10-30,2019-10-30,2019,10
5.43,2019-10-29,2019-10-29,2019,10
5.313,2019-10-28,2019-10-28,2019,10
5.449,2019-10-25,2019-10-27,2019,10
5.43,2019-10-24,2019-10-24,2019,10
5.405,2019-10-23,2019-10-23,2019,10
5.492,2019-10-22,2019-10-22,2019,10
5.473,2019-10-21,2019-10-21,2019,10
5.64,2019-10-18,2019-10-20,2019,10
5.59,2019-10-17,2019-10-17,2019,10
5.713,2019-10-16,2019-10-16,2019,10
5.695,2019-10-15,2019-10-15,2019,10
5.708,2019-10-11,2019-10-14,2019,10
5.837,2019-10-10,2019-10-10,2019,10
5.856,2019-10-09,2019-10-09,2019,10
5.911,2019-10-08,2019-10-08,2019,10
5.806,2019-10-07,2019-10-07,2019,10
5.88,2019-10-04,2019-10-06,2019,10
5.874,2019-10-03,2019-10-03,2019,10
5.806,2019-10-02,2019-10-02,2019,10
5.873,2019-10-01,2019-10-01,2019,10
5.898,2019-09-30,2019-09-30,2019,9
5.856,2019-09-27,2019-09-29,2019,9
5.905,2019-09-26,2019-09-26,2019,9
5.96,2019-09-25,2019-09-25,2019,9
5.93,2019-09-24,2019-09-24,2019,9
5.935,2019-09-23,2019-09-23,2019,9
5.991,2019-09-20,2019-09-22,2019,9
5.967,2019-09-19,2019-09-19,2019,9
5.96,2019-09-18,2019-09-18,2019,9
6.016,2019-09-17,2019-09-17,2019,9
5.837,2019-09-16,2019-09-16,2019,9
6.009,2019-09-13,2019-09-15,2019,9
5.96,2019-09-12,2019-09-12,2019,9
5.905,2019-09-11,2019-09-11,2019,9
5.985,2019-09-10,2019-09-10,2019,9
5.837,2019-09-09,2019-09-09,2019,9
5.726,2019-09-06,2019-09-08,2019,9
5.676,2019-09-05,2019-09-05,2019,9
5.713,2019-09-04,2019-09-04,2019,9
5.917,2019-09-03,2019-09-03,2019,9
5.695,2019-09-02,2019-09-02,2019,9
5.732,2019-09-01,2019-09-01,2019,9
5.732,2019-08-30,2019-08-31,2019,8
5.812,2019-08-29,2019-08-29,2019,8
5.634,2019-08-28,2019-08-28,2019,8
5.658,2019-08-27,2019-08-27,2019,8
5.708,2019-08-26,2019-08-26,2019,8
5.676,2019-08-23,2019-08-25,2019,8
5.732,2019-08-22,2019-08-22,2019,8
5.671,2019-08-21,2019-08-21,2019,8
5.239,2019-08-20,2019-08-20,2019,8
5.054,2019-08-16,2019-08-19,2019,8
5.128,2019-08-15,2019-08-15,2019,8
5.165,2019-08-14,2019-08-14,2019,8
5.085,2019-08-13,2019-08-13,2019,8
4.974,2019-08-12,2019-08-12,2019,8
4.912,2019-08-08,2019-08-11,2019,8
4.894,2019-08-07,2019-08-07,2019,8
4.943,2019-08-06,2019-08-06,2019,8
4.882,2019-08-05,2019-08-05,2019,8
4.869,2019-08-02,2019-08-04,2019,8
5.011,2019-08-01,2019-08-01,2019,8
4.845,2019-07-31,2019-07-31,2019,7
4.956,2019-07-30,2019-07-30,2019,7
4.727,2019-07-29,2019-07-29,2019,7
4.758,2019-07-26,2019-07-28,2019,7
4.715,2019-07-25,2019-07-25,2019,7
4.74,2019-07-24,2019-07-24,2019,7
4.697,2019-07-23,2019-07-23,2019,7
4.746,2019-07-22,2019-07-22,2019,7
4.69,2019-07-19,2019-07-21,2019,7
4.783,2019-07-18,2019-07-18,2019,7
4.715,2019-07-17,2019-07-17,2019,7
4.74,2019-07-16,2019-07-16,2019,7
4.776,2019-07-12,2019-07-15,2019,7
4.734,2019-07-11,2019-07-11,2019,7
4.703,2019-07-10,2019-07-10,2019,7
4.684,2019-07-05,2019-07-09,2019,7
4.703,2019-07-04,2019-07-04,2019,7
4.752,2019-07-03,2019-07-03,2019,7
4.764,2019-07-02,2019-07-02,2019,7
4.906,2019-07-01,2019-07-01,2019,7
4.924,2019-06-28,2019-06-30,2019,6
5.005,2019-06-27,2019-06-27,2019,6
5.011,2019-06-26,2019-06-26,2019,6
5.035,2019-06-25,2019-06-25,2019,6
5.06,2019-06-24,2019-06-24,2019,6
5.109,2019-06-21,2019-06-23,2019,6
5.159,2019-06-19,2019-06-20,2019,6
5.141,2019-06-18,2019-06-18,2019,6
5.196,2019-06-14,2019-06-17,2019,6
5.22,2019-06-13,2019-06-13,2019,6
5.196,2019-06-12,2019-06-12,2019,6
5.257,2019-06-11,2019-06-11,2019,6
5.22,2019-06-10,2019-06-10,2019,6
5.227,2019-06-07,2019-06-09,2019,6
5.196,2019-06-06,2019-06-06,2019,6
5.208,2019-06-05,2019-06-05,2019,6
5.19,2019-06-03,2019-06-04,2019,6
5.227,2019-06-01,2019-06-02,2019,6
5.227,2019-05-31,2019-05-31,2019,5
5.27,2019-05-30,2019-05-30,2019,5
5.159,2019-05-29,2019-05-29,2019,5
5.294,2019-05-27,2019-05-28,2019,5
5.122,2019-05-24,2019-05-26,2019,5
5.146,2019-05-23,2019-05-23,2019,5
5.19,2019-05-22,2019-05-22,2019,5
5.282,2019-05-21,2019-05-21,2019,5
5.183,2019-05-20,2019-05-20,2019,5
5.116,2019-05-17,2019-05-19,2019,5
5.178,2019-05-16,2019-05-16,2019,5
5.128,2019-05-15,2019-05-15,2019,5
5.257,2019-05-14,2019-05-14,2019,5
5.128,2019-05-13,2019-05-13,2019,5
5.141,2019-05-10,2019-05-12,2019,5
4.968,2019-05-09,2019-05-09,2019,5
5.264,2019-05-08,2019-05-08,2019,5
4.931,2019-05-07,2019-05-07,2019,5
4.857,2019-05-06,2019-05-06,2019,5
4.863,2019-05-03,2019-05-05,2019,5
4.795,2019-05-02,2019-05-02,2019,5
4.887,2019-04-30,2019-05-01,2019,4
4.746,2019-04-26,2019-04-29,2019,4
4.845,2019-04-25,2019-04-25,2019,4
4.764,2019-04-24,2019-04-24,2019,4
4.746,2019-04-23,2019-04-23,2019,4
4.813,2019-04-22,2019-04-22,2019,4
4.715,2019-04-17,2019-04-21,2019,4
4.813,2019-04-16,2019-04-16,2019,4
4.703,2019-04-15,2019-04-15,2019,4
4.66,2019-04-12,2019-04-14,2019,4
4.783,2019-04-10,2019-04-11,2019,4
4.549,2019-04-09,2019-04-09,2019,4
4.505,2019-04-08,2019-04-08,2019,4
4.468,2019-04-05,2019-04-07,2019,4
4.265,2019-04-04,2019-04-04,2019,4
4.352,2019-04-03,2019-04-03,2019,4
4.357,2019-04-01,2019-04-02,2019,4
4.241,2019-03-29,2019-03-31,2019,3
4.265,2019-03-28,2019-03-28,2019,3
4.148,2019-03-27,2019-03-27,2019,3
4.253,2019-03-26,2019-03-26,2019,3
4.167,2019-03-25,2019-03-25,2019,3
4.29,2019-03-22,2019-03-24,2019,3
4.074,2019-03-21,2019-03-21,2019,3
4.019,2019-03-20,2019-03-20,2019,3
4.024,2019-03-19,2019-03-19,2019,3
3.901,2019-03-18,2019-03-18,2019,3
3.858,2019-03-15,2019-03-17,2019,3
3.679,2019-03-14,2019-03-14,2019,3
3.605,2019-03-13,2019-03-13,2019,3
3.612,2019-03-12,2019-03-12,2019,3
3.661,2019-03-11,2019-03-11,2019,3
3.63,2019-03-08,2019-03-10,2019,3
3.686,2019-03-07,2019-03-07,2019,3
3.55,2019-03-06,2019-03-06,2019,3
3.605,2019-03-01,2019-03-05,2019,3
3.544,2019-02-28,2019-02-28,2019,2
3.47,2019-02-27,2019-02-27,2019,2
3.489,2019-02-26,2019-02-26,2019,2
3.476,2019-02-25,2019-02-25,2019,2
3.489,2019-02-22,2019-02-24,2019,2
3.556,2019-02-21,2019-02-21,2019,2
3.538,2019-02-20,2019-02-20,2019,2
3.612,2019-02-19,2019-02-19,2019,2
3.686,2019-02-18,2019-02-18,2019,2
3.76,2019-02-15,2019-02-17,2019,2
3.889,2019-02-14,2019-02-14,2019,2
4.024,2019-02-13,2019-02-13,2019,2
4.086,2019-02-12,2019-02-12,2019,2
4.179,2019-02-11,2019-02-11,2019,2
4.197,2019-02-08,2019-02-10,2019,2
4.394,2019-02-07,2019-02-07,2019,2
4.345,2019-02-06,2019-02-06,2019,2
4.401,2019-02-05,2019-02-05,2019,2
4.389,2019-02-04,2019-02-04,2019,2
4.401,2019-02-01,2019-02-03,2019,2
4.475,2019-01-31,2019-01-31,2019,1
4.513,2019-01-30,2019-01-30,2019,1
4.493,2019-01-29,2019-01-29,2019,1
4.45,2019-01-28,2019-01-28,2019,1
4.536,2019-01-25,2019-01-27,2019,1
4.512,2019-01-24,2019-01-24,2019,1
4.5,2019-01-23,2019-01-23,2019,1
4.586,2019-01-22,2019-01-22,2019,1
4.524,2019-01-21,2019-01-21,2019,1
4.5,2019-01-18,2019-01-20,2019,1
4.592,2019-01-17,2019-01-17,2019,1
4.53,2019-01-16,2019-01-16,2019,1
4.641,2019-01-15,2019-01-15,2019,1
4.66,2019-01-14,2019-01-14,2019,1
4.629,2019-01-11,2019-01-13,2019,1
4.684,2019-01-10,2019-01-10,2019,1
4.635,2019-01-09,2019-01-09,2019,1
4.882,2019-01-08,2019-01-08,2019,1
4.758,2019-01-07,2019-01-07,2019,1
4.635,2019-01-04,2019-01-06,2019,1
4.727,2019-01-03,2019-01-03,2019,1
4.789,2019-01-02,2019-01-02,2019,1
4.887,2018-12-28,2019-01-01,2018,12
4.74,2018-12-27,2018-12-27,2018,12
4.783,2018-12-26,2018-12-26,2018,12
4.666,2018-12-21,2018-12-25,2018,12
4.789,2018-12-20,2018-12-20,2018,12
4.715,2018-12-19,2018-12-19,2018,12
4.894,2018-12-18,2018-12-18,2018,12
4.734,2018-12-17,2018-12-17,2018,12
4.82,2018-12-14,2018-12-16,2018,12
4.857,2018-12-13,2018-12-13,2018,12
4.85,2018-12-12,2018-12-12,2018,12
4.949,2018-12-11,2018-12-11,2018,12
4.857,2018-12-10,2018-12-10,2018,12
5.054,2018-12-07,2018-12-09,2018,12
4.993,2018-12-06,2018-12-06,2018,12
5.091,2018-12-05,2018-12-05,2018,12
4.814,2018-12-04,2018-12-04,2018,12
7.119,2018-12-03,2018-12-03,2018,12
6.888,2018-11-29,2018-12-02,2018,11
6.991,2018-11-28,2018-11-28,2018,11
7.021,2018-11-27,2018-11-27,2018,11
7.011,2018-11-26,2018-11-26,2018,11
7.078,2018-11-23,2018-11-25,2018,11
7.114,2018-11-22,2018-11-22,2018,11
7.171,2018-11-21,2018-11-21,2018,11
7.237,2018-11-20,2018-11-20,2018,11
7.089,2018-11-16,2018-11-19,2018,11
7.14,2018-11-15,2018-11-15,2018,11
7.062,2018-11-14,2018-11-14,2018,11
7.155,2018-11-13,2018-11-13,2018,11
7.16,2018-11-12,2018-11-12,2018,11
4.823,2018-11-09,2018-11-11,2018,11
4.787,2018-11-08,2018-11-08,2018,11
4.982,2018-11-07,2018-11-07,2018,11
4.808,2018-11-05,2018-11-06,2018,11
4.952,2018-11-02,2018-11-04,2018,11
4.802,2018-11-01,2018-11-01,2018,11
4.705,2018-10-31,2018-10-31,2018,10
4.998,2018-10-30,2018-10-30,2018,10
4.808,2018-10-29,2018-10-29,2018,10
4.895,2018-10-26,2018-10-28,2018,10
4.781,2018-10-25,2018-10-25,2018,10
4.952,2018-10-24,2018-10-24,2018,10
4.966,2018-10-23,2018-10-23,2018,10
4.915,2018-10-22,2018-10-22,2018,10
4.669,2018-10-19,2018-10-21,2018,10
4.797,2018-10-18,2018-10-18,2018,10
4.576,2018-10-17,2018-10-17,2018,10
4.587,2018-10-16,2018-10-16,2018,10
4.699,2018-10-12,2018-10-15,2018,10
4.602,2018-10-11,2018-10-11,2018,10
4.576,2018-10-10,2018-10-10,2018,10
4.426,2018-10-03,2018-10-09,2018,10
3.876,2018-09-05,2018-10-02,2018,9
3.33,2018-08-03,2018-09-04,2018,8
3.004,2018-07-05,2018-08-02,2018,7
2.817,2018-06-06,2018-07-04,2018,6
2.367,2018-05-24,2018-06-05,2018,5
3,2018-05-21,2018-05-23,2018,5
2.712,2018-05-08,2018-05-20,2018,5
2.342,2018-05-04,2018-05-07,2018,5
2.219,2017-12-05,2018-05-03,2017,12
2.136,2017-11-02,2017-12-04,2017,11
1.972,2017-01-27,2017-11-01,2017,1
2.055,2016-12-26,2017-01-26,2016,12
2.219,2016-10-11,2016-12-25,2016,10
2.63,2016-07-15,2016-10-10,2016,7
2.712,2016-03-01,2016-07-14,2016,3
2.465,2016-01-13,2016-02-29,2016,1
2.055,2014-01-29,2016-01-12,2014,1
